id,slug,name,phone,website,address,city,state,search_query,google_business_url
3,360-degreez-consulting-llc,360 DEGREEZ CONSULTING LLC,352-600-0360,https://1roofllc.com,,,,360 DEGREEZ CONSULTING LLC 352-600-0360,
6,a-1-american-roofing-sheet-metal-inc,A-1 AMERICAN ROOFING & SHEET METAL INC,941-549-5999,https://a1americanroofing.com,,,,A-1 AMERICAN ROOFING & SHEET METAL INC 941-549-5999,
259,a-star-contractors-inc,A-STAR CONTRACTORS INC,954-922-5990,,,,,A-STAR CONTRACTORS INC 954-922-5990,
400,aaa-schwartz-roofing-inc,AAA SCHWARTZ ROOFING INC,941-627-3869,https://live.com,,,,AAA SCHWARTZ ROOFING INC 941-627-3869,
7,aam-industries-inc,AAM INDUSTRIES INC,561-737-2383,https://aamindustries.com,,,,AAM INDUSTRIES INC 561-737-2383,
254,aastro-roofing-company-inc,AASTRO ROOFING COMPANY INC,561-409-3280,,,,,AASTRO ROOFING COMPANY INC 561-409-3280,
10,abc-roofing-corp,ABC ROOFING CORP,954-344-4622,https://abcroofingcorp.com,,,,ABC ROOFING CORP 954-344-4622,
11,ace-property-services,ACE PROPERTY SERVICES,305-598-1700,https://acepropertyservices.com,,,,ACE PROPERTY SERVICES 305-598-1700,
12,acoma-roofing-inc,ACOMA ROOFING INC,727-733-5580,https://acomaroofing.com,,,,ACOMA ROOFING INC 727-733-5580,
13,action-roofing-services-inc,ACTION ROOFING SERVICES INC,954-776-0590,https://actionroofingservices.com,,,,ACTION ROOFING SERVICES INC 954-776-0590,
642,ad-ler-roofing-inc,AD-LER ROOFING INC,844-MY-ADLER,,,,,AD-LER ROOFING INC 844-MY-ADLER,
14,aderhold-roofing-corp,ADERHOLD ROOFING CORP,813-681-3735,https://aderholdroofing.com,,,,ADERHOLD ROOFING CORP 813-681-3735,
16,advanced-roof-technology-inc,ADVANCED ROOF TECHNOLOGY INC,321-253-5081,https://advancedrooftechnology.com,,,,ADVANCED ROOF TECHNOLOGY INC 321-253-5081,
77,advanced-roofing-sheet-metal,ADVANCED ROOFING & SHEET METAL,239-939-4412,https://arsmfl.com,,,,ADVANCED ROOFING & SHEET METAL 239-939-4412,
15,advanced-roofing-inc,ADVANCED ROOFING INC,954-522-6868,https://advancedroofing.com,,,,ADVANCED ROOFING INC 954-522-6868,
60,advantage-building-roofing-corp,ADVANTAGE BUILDING & ROOFING CORP,561-716-0163,,,,,ADVANTAGE BUILDING & ROOFING CORP 561-716-0163,
638,advantage-roofing-inc,ADVANTAGE ROOFING INC,407-678-9721,,,,,ADVANTAGE ROOFING INC 407-678-9721,
17,advocate-restoration-llc,ADVOCATE RESTORATION LLC,904-707-6546,https://advocaterestorationfl.com,,,,ADVOCATE RESTORATION LLC 904-707-6546,
18,affordable-rfg-by-john-cadwell-inc,AFFORDABLE RFG BY JOHN CADWELL INC,407-935-0050,https://affordableroofingfl.com,,,,AFFORDABLE RFG BY JOHN CADWELL INC 407-935-0050,
422,affordable-roofing-of-central-fl,AFFORDABLE ROOFING OF CENTRAL FL,386-938-2001,,,,,AFFORDABLE ROOFING OF CENTRAL FL 386-938-2001,
20,airam-construction-group-inc,AIRAM CONSTRUCTION GROUP INC,954-534-2220,https://airamgroup.com,,,,AIRAM CONSTRUCTION GROUP INC 954-534-2220,
645,aj-wells-roofing-construction,AJ WELLS ROOFING & CONSTRUCTION,904-553-0069,,,,,AJ WELLS ROOFING & CONSTRUCTION 904-553-0069,
21,ajf-roofing-inc,AJF ROOFING INC,305-456-8006 ext 7128,https://ajfroofingfl.com,,,,AJF ROOFING INC 305-456-8006 ext 7128,
22,ajl-select-enterprises-llc,AJL SELECT ENTERPRISES LLC,850-332-4782,https://ajlselect.com,,,,AJL SELECT ENTERPRISES LLC 850-332-4782,
23,ak-certified-contracting-llc,AK CERTIFIED CONTRACTING LLC,386-302-9063,https://akccfl.com,,,,AK CERTIFIED CONTRACTING LLC 386-302-9063,
24,akvm-construction-group-inc,AKVM CONSTRUCTION GROUP INC,941-727-3996,https://akvm.com,,,,AKVM CONSTRUCTION GROUP INC 941-727-3996,
55,alan-lindsey-roofing-inc,ALAN LINDSEY ROOFING INC,352-369-4381,,,,,ALAN LINDSEY ROOFING INC 352-369-4381,
26,alan-taylor-roofing-llc,ALAN TAYLOR ROOFING LLC,904-291-8438,https://alantaylorroofing.com,,,,ALAN TAYLOR ROOFING LLC 904-291-8438,
25,alan-s-roofing-inc,ALAN'S ROOFING INC,352-686-3330,https://alansroofinginc.com,,,,ALAN'S ROOFING INC 352-686-3330,
27,albright-roofing-contracting,ALBRIGHT ROOFING & CONTRACTING,727-541-2949,https://albrightroof.com,,,,ALBRIGHT ROOFING & CONTRACTING 727-541-2949,
639,alfrey-roofing-inc,ALFREY ROOFING INC,321-752-9417,,,,,ALFREY ROOFING INC 321-752-9417,
640,alfy-s-roofing-inc,ALFY'S ROOFING INC,386-566-6112,,,,,ALFY'S ROOFING INC 386-566-6112,
28,all-area-roofing-construction-inc,ALL AREA ROOFING & CONSTRUCTION INC,772-464-6800,https://allarearoofingftp.com,,,,ALL AREA ROOFING & CONSTRUCTION INC 772-464-6800,
641,all-around-roofing-inc,ALL AROUND ROOFING INC,904-783-9500,,,,,ALL AROUND ROOFING INC 904-783-9500,
19,all-florida-urethane-inc,ALL FLORIDA URETHANE INC,321-259-1372,https://afurethane@gmail.com,,,,ALL FLORIDA URETHANE INC 321-259-1372,
31,all-phase-construction-usa-llc,ALL PHASE CONSTRUCTION USA LLC,754-227-5605,https://allphaseusa.com,,,,ALL PHASE CONSTRUCTION USA LLC 754-227-5605,
32,all-pro-contracting-services-llc,ALL PRO CONTRACTING SERVICES LLC,407-951-5288,https://allprofl.com,,,,ALL PRO CONTRACTING SERVICES LLC 407-951-5288,
33,all-pro-roofing-consulting-llc,ALL PRO ROOFING & CONSULTING LLC,904-337-1082,https://allproroofingllc.com,,,,ALL PRO ROOFING & CONSULTING LLC 904-337-1082,
664,all-seasons-roofing-repair-of-orlando,ALL SEASONS ROOFING & REPAIR OF ORLANDO,321-576-4256,,,,,ALL SEASONS ROOFING & REPAIR OF ORLANDO 321-576-4256,
286,all-south-roofing-company-inc,ALL SOUTH ROOFING COMPANY INC,904-781-6363,,,,,ALL SOUTH ROOFING COMPANY INC 904-781-6363,
348,all-ways-roofing-llc,ALL WAYS ROOFING LLC,407-925-6193,,,,,ALL WAYS ROOFING LLC 407-925-6193,
667,all-weather-roofing,ALL WEATHER ROOFING,941-747-4978,https://yourbestroof.com,,,,ALL WEATHER ROOFING 941-747-4978,
29,allied-roofing-sheet-metal-inc,ALLIED ROOFING & SHEET METAL INC,954-485-5922,https://alliedroofing.cc,,,,ALLIED ROOFING & SHEET METAL INC 954-485-5922,
30,allied-roofing-inc,ALLIED ROOFING INC,813-875-2727,https://alliedroofingtampa.com,,,,ALLIED ROOFING INC 813-875-2727,
35,alpha-roofing-sheet-metal-llc,ALPHA ROOFING & SHEET METAL LLC,352-404-8802,https://alpha-roof.com,,,,ALPHA ROOFING & SHEET METAL LLC 352-404-8802,
36,altec-roofing,ALTEC ROOFING,561-747-1990,https://altecroofing.com,,,,ALTEC ROOFING 561-747-1990,
37,alvarez-roofing,ALVAREZ ROOFING,813-986-4527,https://alvarezroofing.net,,,,ALVAREZ ROOFING 813-986-4527,
550,alvin-j-singleton-inc,ALVIN J SINGLETON INC,941-365-3359,https://singletonroofing.com,,,,ALVIN J SINGLETON INC 941-365-3359,
258,ameri-con-enterprises-inc,AMERI-CON ENTERPRISES INC,954-444-7717,,,,,AMERI-CON ENTERPRISES INC 954-444-7717,
9,american-building-contractors,AMERICAN BUILDING CONTRACTORS,954-698-5959,https://abc-usa.com,,,,AMERICAN BUILDING CONTRACTORS 954-698-5959,
78,american-roofing-sheet-metal-inc,AMERICAN ROOFING & SHEET METAL INC,813-884-1815,https://arsmi.com,,,,AMERICAN ROOFING & SHEET METAL INC 813-884-1815,
292,american-roofing-central-inc,AMERICAN ROOFING CENTRAL INC,863-381-1453,,,,,AMERICAN ROOFING CENTRAL INC 863-381-1453,
257,americas-preferred-roofers-inc,AMERICAS PREFERRED ROOFERS INC,786-277-3753,,,,,AMERICAS PREFERRED ROOFERS INC 786-277-3753,
39,amherst-roofing-inc,AMHERST ROOFING INC,239-354-1133,https://amherstroofingnaples.com,,,,AMHERST ROOFING INC 239-354-1133,
40,amick-roofing-inc,AMICK ROOFING INC,941-751-1231,https://amickroofing.com,,,,AMICK ROOFING INC 941-751-1231,
410,amw-contracting-inc,AMW CONTRACTING INC,904-725-4197,https://metalroofpro.com,,,,AMW CONTRACTING INC 904-725-4197,
344,anchor-roofing-co,ANCHOR ROOFING CO,305-691-7707,,,,,ANCHOR ROOFING CO 305-691-7707,
97,andrew-palmer-roofing-inc,ANDREW PALMER ROOFING INC,305-232-9211,,,,,ANDREW PALMER ROOFING INC 305-232-9211,
267,andrews-roofing-llc,ANDREWS ROOFING LLC,561-688-1066,,,,,ANDREWS ROOFING LLC 561-688-1066,
41,anthony-c-leonard-enterprises-inc,ANTHONY C LEONARD ENTERPRISES INC,941-474-3533,https://anthonycleonardroofing.com,,,,ANTHONY C LEONARD ENTERPRISES INC 941-474-3533,
74,apachee-roofing-inc,APACHEE ROOFING INC,850-893-3470,https://apacheeroofing.com,,,,APACHEE ROOFING INC 850-893-3470,
80,architectural-sheet-metal-inc,ARCHITECTURAL SHEET METAL INC,407-855-7183,https://asmfl.com,,,,ARCHITECTURAL SHEET METAL INC 407-855-7183,
644,arctic-enterprises-inc,ARCTIC ENTERPRISES INC,904-272-6574,,,,,ARCTIC ENTERPRISES INC 904-272-6574,
75,armor-roofing-home-improvement,ARMOR ROOFING & HOME IMPROVEMENT,352-742-1050,https://armorroofingfl.com,,,,ARMOR ROOFING & HOME IMPROVEMENT 352-742-1050,
167,armstrong-roofing-inc,ARMSTRONG ROOFING INC,386-325-2023,,,,,ARMSTRONG ROOFING INC 386-325-2023,
76,arry-s-roofing-services-inc,ARRY'S ROOFING SERVICES INC,727-938-9565,https://arrysroofing.com,,,,ARRY'S ROOFING SERVICES INC 727-938-9565,
79,art-construction-of-nw-fl-llc,ART CONSTRUCTION OF NW FL LLC,850-215-3948,https://artconstruction.com,,,,ART CONSTRUCTION OF NW FL LLC 850-215-3948,
66,assure-u-at-home-services-inc,ASSURE-U AT HOME SERVICES INC,407-970-9746,,,,,ASSURE-U AT HOME SERVICES INC 407-970-9746,
81,atlantic-roofing-exteriors-llc,ATLANTIC ROOFING & EXTERIORS LLC,352-327-7663,https://atlanticroofingfl.com,,,,ATLANTIC ROOFING & EXTERIORS LLC 352-327-7663,
82,atlas-apex-roofing-llc,ATLAS-APEX ROOFING LLC,954-565-1567,https://atlasapexusa.com,,,,ATLAS-APEX ROOFING LLC 954-565-1567,
88,avery-roof-services-llc,AVERY ROOF SERVICES LLC,941-371-5544,https://averyroofservices.com,,,,AVERY ROOF SERVICES LLC 941-371-5544,
261,aztec-roofs-inc,AZTEC ROOFS INC,239-834-7840,,,,,AZTEC ROOFS INC 239-834-7840,
83,b-d-roofing-of-central-fl-inc,B&D ROOFING OF CENTRAL FL INC,386-734-6663,,,,,B&D ROOFING OF CENTRAL FL INC 386-734-6663,
346,b-t-metal-works-inc,B&T METAL WORKS INC,352-236-6000,,,,,B&T METAL WORKS INC 352-236-6000,
647,b-z-custom-sheet-metal-inc,B&Z CUSTOM SHEET METAL INC,407-859-1101,,,,,B&Z CUSTOM SHEET METAL INC 407-859-1101,
262,backbone-roofing-inc,BACKBONE ROOFING INC,813-909-6736,,,,,BACKBONE ROOFING INC 813-909-6736,
172,bama-roofing-construction-co,BAMA ROOFING & CONSTRUCTION CO,954-680-8050,,,,,BAMA ROOFING & CONSTRUCTION CO 954-680-8050,
89,barrier-roofing-construction-inc,BARRIER ROOFING & CONSTRUCTION INC,305-432-1441,https://barrierroofingco.com,,,,BARRIER ROOFING & CONSTRUCTION INC 305-432-1441,
90,barrios-roofing-waterproofing-llc,BARRIOS ROOFING & WATERPROOFING LLC,239-888-4078,https://barriosroofing.com,,,,BARRIOS ROOFING & WATERPROOFING LLC 239-888-4078,
617,bartlett-roofing-services-inc,BARTLETT ROOFING SERVICES INC,727-847-5540,,,,,BARTLETT ROOFING SERVICES INC 727-847-5540,
618,bartlett-roofing-services-inc-1,BARTLETT ROOFING SERVICES INC,727-847-5540,,,,,BARTLETT ROOFING SERVICES INC 727-847-5540,
107,batchelor-s-inc-roofing-contractors,BATCHELOR'S INC ROOFING CONTRACTORS,850-432-4004,,,,,BATCHELOR'S INC ROOFING CONTRACTORS 850-432-4004,
108,batchelor-s-inc-roofing-contractors-1,BATCHELOR'S INC ROOFING CONTRACTORS,850-432-4004,,,,,BATCHELOR'S INC ROOFING CONTRACTORS 850-432-4004,
91,bbg-contracting-group-inc,BBG CONTRACTING GROUP INC,904-766-5800,https://bbgcontracting.com,,,,BBG CONTRACTING GROUP INC 904-766-5800,
646,bcr-inc,BCR INC,904-200-1600,,,,,BCR INC 904-200-1600,
92,beachfront-roofing-inc,BEACHFRONT ROOFING INC,561-557-8534,https://beachfrontpainting.net,,,,BEACHFRONT ROOFING INC 561-557-8534,
93,beaver-home-services-inc,BEAVER HOME SERVICES INC,904-726-7080,https://beaverhomeserv.com,,,,BEAVER HOME SERVICES INC 904-726-7080,
94,beery-roofing-redesign-llc,BEERY ROOFING & REDESIGN LLC,386-717-1394,https://beeryroofingandredesign.com,,,,BEERY ROOFING & REDESIGN LLC 386-717-1394,
96,bela-roofing-inc,BELA ROOFING INC,407-312-3115,https://belaroofing.com,,,,BELA ROOFING INC 407-312-3115,
115,bentley-roofing-llc,BENTLEY ROOFING LLC,954-979-2233,https://bentleyroofing.com,,,,BENTLEY ROOFING LLC 954-979-2233,
120,benton-integrity-roofing-systems,BENTON INTEGRITY ROOFING SYSTEMS,904-260-1372,https://birsystems.com,,,,BENTON INTEGRITY ROOFING SYSTEMS 904-260-1372,
49,bert-faircloth-roofing-inc,BERT FAIRCLOTH ROOFING INC,386-238-6220,,,,,BERT FAIRCLOTH ROOFING INC 386-238-6220,
116,best-roofing,BEST ROOFING,954-941-9111,https://bestroofing.net,,,,BEST ROOFING 954-941-9111,
117,bfarr-contracting,BFARR CONTRACTING,321-444-6446,https://bfarrcontracting.com,,,,BFARR CONTRACTING 321-444-6446,
118,big-fish-roofing-waterproofing-llc,BIG FISH ROOFING & WATERPROOFING LLC,904-685-8334,https://bigfishroofing.com,,,,BIG FISH ROOFING & WATERPROOFING LLC 904-685-8334,
119,bigfoot-roofing-construction-inc,BIGFOOT ROOFING & CONSTRUCTION INC,904-219-2044,https://bigfootroofing.com,,,,BIGFOOT ROOFING & CONSTRUCTION INC 904-219-2044,
263,bill-ramsey-your-roofing-contractor-llc,BILL RAMSEY YOUR ROOFING CONTRACTOR LLC,727-344-6071,,,,,BILL RAMSEY YOUR ROOFING CONTRACTOR LLC 727-344-6071,
121,bkm-roofing-inc,BKM ROOFING INC,904-548-7536,https://bkmroofinginc.com,,,,BKM ROOFING INC 904-548-7536,
42,blackburn-roofing-sheet-metal-inc,BLACKBURN ROOFING & SHEET METAL INC,239-348-8088,,,,,BLACKBURN ROOFING & SHEET METAL INC 239-348-8088,
124,blue-star-roofing-inc,BLUE STAR ROOFING INC,407-636-7365,https://bluestarroofinginc.com,,,,BLUE STAR ROOFING INC 407-636-7365,
123,blues-brothers-construction-corp,BLUES BROTHERS CONSTRUCTION CORP,561-361-6378,https://bluesbrotherscc.com,,,,BLUES BROTHERS CONSTRUCTION CORP 561-361-6378,
125,bob-jerry-s-roofing-inc,BOB & JERRY'S ROOFING INC,863-965-9595,https://bobandjerrys.com,,,,BOB & JERRY'S ROOFING INC 863-965-9595,
342,bob-hilson-co-inc,BOB HILSON & CO INC,305-246-0209,https://hilsonroofing.com,,,,BOB HILSON & CO INC 305-246-0209,
126,bodan-roofing-inc,BODAN ROOFING INC,813-977-5919,https://bodanroofing.com,,,,BODAN ROOFING INC 813-977-5919,
127,bohemia-roofing-co-inc,BOHEMIA ROOFING CO INC,904-859-3539,https://bohemia-roofing.com,,,,BOHEMIA ROOFING CO INC 904-859-3539,
154,boulais-roofing-co,BOULAIS ROOFING CO,321-632-9623,,,,,BOULAIS ROOFING CO 321-632-9623,
128,bowen-son-roofing-inc,BOWEN & SON ROOFING INC,863-385-0351,https://bowenandson.com,,,,BOWEN & SON ROOFING INC 863-385-0351,
168,bowles-roofing,BOWLES ROOFING,352-732-9855,,,,,BOWLES ROOFING 352-732-9855,
264,bp-roofing-inc,BP ROOFING INC,239-275-7663,,,,,BP ROOFING INC 239-275-7663,
129,brad-mcdonald-roofing-construction-inc,BRAD MCDONALD ROOFING & CONSTRUCTION INC,727-856-7663,https://bradmcdonaldroofing.com,,,,BRAD MCDONALD ROOFING & CONSTRUCTION INC 727-856-7663,
281,brandon-roofing,BRANDON ROOFING,813-393-0241,,,,,BRANDON ROOFING 813-393-0241,
130,brickell-vizcaya-development-inc,BRICKELL VIZCAYA DEVELOPMENT INC,786-683-2619,https://brickellvizcaya.com,,,,BRICKELL VIZCAYA DEVELOPMENT INC 786-683-2619,
132,brilliant-roofing,BRILLIANT ROOFING,772-222-7663,https://brilliantroofing.com,,,,BRILLIANT ROOFING 772-222-7663,
133,brite-top-roofing,BRITE TOP ROOFING,407-895-1551,https://britetoproofing.com,,,,BRITE TOP ROOFING 407-895-1551,
98,burger-roofing-co,BURGER ROOFING CO,904-355-2756,,,,,BURGER ROOFING CO 904-355-2756,
134,busy-bee-roofing,BUSY BEE ROOFING,813-358-1356,https://busybeeroofing.com,,,,BUSY BEE ROOFING 813-358-1356,
43,byrne-roofing-inc,BYRNE ROOFING INC,561-471-8363,,,,,BYRNE ROOFING INC 561-471-8363,
190,c-s-roofing-co,C&S ROOFING CO,352-489-4274,https://csroofingfl.com,,,,C&S ROOFING CO 352-489-4274,
136,cache-co-llc,CACHE CO LLC,904-887-7663,https://cacheroofing.com,,,,CACHE CO LLC 904-887-7663,
137,caldwell-roofing,CALDWELL ROOFING,561-392-0971,https://caldwellroofing.com,,,,CALDWELL ROOFING 561-392-0971,
138,campany-roof-maintenance-llc,CAMPANY ROOF MAINTENANCE LLC,561-881-3560,https://campanyroofing.com,,,,CAMPANY ROOF MAINTENANCE LLC 561-881-3560,
139,capps-roofing-inc,CAPPS ROOFING INC,772-545-3442,https://cappsroofing.com,,,,CAPPS ROOFING INC 772-545-3442,
141,cardinal-roofing,CARDINAL ROOFING,813-689-7663,https://cardinalroofingfl.com,,,,CARDINAL ROOFING 813-689-7663,
140,cardinal-roofing-siding-co-inc,CARDINAL ROOFING & SIDING CO INC,772-335-9550,https://cardinalroofing.com,,,,CARDINAL ROOFING & SIDING CO INC 772-335-9550,
142,carpenter-s-roofing-sheet-metal-inc,CARPENTER'S ROOFING & SHEET METAL INC,561-833-0341,https://carpentersroofing.com,,,,CARPENTER'S ROOFING & SHEET METAL INC 561-833-0341,
143,castle-roofing-group-llc,CASTLE ROOFING GROUP LLC,407-477-2823,https://castlerg.com,,,,CASTLE ROOFING GROUP LLC 407-477-2823,
585,cedar-cove-inc,CEDAR COVE INC,352-564-8319,https://tampabay.rr.com,,,,CEDAR COVE INC 352-564-8319,
145,cedar-valley-exteriors-inc,CEDAR VALLEY EXTERIORS INC,407-608-5566,https://cedarvalleyexteriors.com,,,,CEDAR VALLEY EXTERIORS INC 407-608-5566,
45,center-point-roofing-sheet-metal-inc,CENTER POINT ROOFING & SHEET METAL INC,813-661-5814,,,,,CENTER POINT ROOFING & SHEET METAL INC 813-661-5814,
146,centimark-corp,CENTIMARK CORP,321-304-200,https://centimark.com,,,,CENTIMARK CORP 321-304-200,
152,central-florida-equity-builders,CENTRAL FLORIDA EQUITY BUILDERS,407-314-9352,https://cfebuilders.com,,,,CENTRAL FLORIDA EQUITY BUILDERS 407-314-9352,
149,certified-best-roofing-inc,CERTIFIED BEST ROOFING INC,407-602-3363,https://certifiedbestroofing.com,,,,CERTIFIED BEST ROOFING INC 407-602-3363,
268,certified-construction,CERTIFIED CONSTRUCTION,386-423-0404,,,,,CERTIFIED CONSTRUCTION 386-423-0404,
289,certified-industries-inc,CERTIFIED INDUSTRIES INC,904-955-5431,,,,,CERTIFIED INDUSTRIES INC 904-955-5431,
151,certified-roofers-general-contractors-inc,CERTIFIED ROOFERS & GENERAL CONTRACTORS INC,813-643-8333,https://certifiedroofers.com,,,,CERTIFIED ROOFERS & GENERAL CONTRACTORS INC 813-643-8333,
150,certified-roofing-specialists-inc,CERTIFIED ROOFING SPECIALISTS INC,954-781-7663,https://certifiedcontractinggroup.com,,,,CERTIFIED ROOFING SPECIALISTS INC 954-781-7663,
1,cf-handyman-llc,CF HANDYMAN LLC,813-810-7099,https://10starshomes.com,,,,CF HANDYMAN LLC 813-810-7099,
156,cfl-roofing-inc,CFL ROOFING INC,407-917-7663,,,,,CFL ROOFING INC 407-917-7663,
158,cfs-roofing-services-llc,CFS ROOFING SERVICES LLC,239-561-2600,,,,,CFS ROOFING SERVICES LLC 239-561-2600,
170,champion-roofing-services-inc,CHAMPION ROOFING SERVICES INC,904-396-4642,,,,,CHAMPION ROOFING SERVICES INC 904-396-4642,
159,chase-roofing-contracting-inc,CHASE ROOFING & CONTRACTING INC,954-680-8588,https://chaseroofing.com,,,,CHASE ROOFING & CONTRACTING INC 954-680-8588,
160,cherry-roofing-enterprises-inc,CHERRY ROOFING ENTERPRISES INC,954-963-2741,https://cherryroofs.com,,,,CHERRY ROOFING ENTERPRISES INC 954-963-2741,
593,childers-roofing-s-m-a-tecta-america-company-llc,CHILDERS ROOFING & S/M A TECTA AMERICA COMPANY LLC,904-696-8550,https://tectaamerica.com,,,,CHILDERS ROOFING & S/M A TECTA AMERICA COMPANY LLC 904-696-8550,
161,citrus-roofing-contractors-llc,CITRUS ROOFING CONTRACTORS LLC,407-815-7336,https://citrusroofing.com,,,,CITRUS ROOFING CONTRACTORS LLC 407-815-7336,
64,cjm-roofing-inc,CJM ROOFING INC,561-242-9399,,,,,CJM ROOFING INC 561-242-9399,
135,clark-associates-contracting-inc,CLARK & ASSOCIATES CONTRACTING INC,407-749-6600,https://caacinc.com,,,,CLARK & ASSOCIATES CONTRACTING INC 407-749-6600,
162,coastal-acquisitions-of-florida-llc,COASTAL ACQUISITIONS OF FLORIDA LLC,850-769-9423,https://cmrpc.com,,,,COASTAL ACQUISITIONS OF FLORIDA LLC 850-769-9423,
163,coastal-roofing-systems-of-amelia,COASTAL ROOFING SYSTEMS OF AMELIA,904-261-2233,https://coastalroofs.com,,,,COASTAL ROOFING SYSTEMS OF AMELIA 904-261-2233,
147,cochran-brothers-roofing-ii-inc,COCHRAN BROTHERS ROOFING II INC,863-385-4690,https://centurylink.net,,,,COCHRAN BROTHERS ROOFING II INC 863-385-4690,
269,collins-roofing-inc,COLLINS ROOFING INC,772-201-1352,,,,,COLLINS ROOFING INC 772-201-1352,
165,collis-roofing,COLLIS ROOFING,321-441-2300,https://collisroofing.com,,,,COLLIS ROOFING 321-441-2300,
166,colonial-roofing-inc,COLONIAL ROOFING INC,239-458-1000,https://colonialroofing.com,,,,COLONIAL ROOFING INC 239-458-1000,
266,complete-construction-and-development-inc,COMPLETE CONSTRUCTION AND DEVELOPMENT INC,561-687-8878,,,,,COMPLETE CONSTRUCTION AND DEVELOPMENT INC 561-687-8878,
428,complete-roofing-solutions-inc,COMPLETE ROOFING SOLUTIONS INC,561-848-7663,https://my-roofer.com,,,,COMPLETE ROOFING SOLUTIONS INC 561-848-7663,
179,copeland-s-complete-construction-llc,COPELAND'S COMPLETE CONSTRUCTION LLC,863-585-0363,https://copelandscomplete.net,,,,COPELAND'S COMPLETE CONSTRUCTION LLC 863-585-0363,
148,copping-roofing-inc,COPPING ROOFING INC,239-543-2255,https://centurylink.net,,,,COPPING ROOFING INC 239-543-2255,
180,core-roofing-systems-inc,CORE ROOFING SYSTEMS INC,407-434-7170,https://coreroofing.net,,,,CORE ROOFING SYSTEMS INC 407-434-7170,
181,cory-associates-inc,CORY & ASSOCIATES INC,954-457-4132,https://coryassociates.com,,,,CORY & ASSOCIATES INC 954-457-4132,
184,crawford-roofing-construction,CRAWFORD ROOFING & CONSTRUCTION,321-676-3034,https://crawfordroofingfl.com,,,,CRAWFORD ROOFING & CONSTRUCTION 321-676-3034,
231,creative-home-pros-llc,CREATIVE HOME PROS LLC,904-504-1484,https://floridacoatingpros.com,,,,CREATIVE HOME PROS LLC 904-504-1484,
185,crest-roofing-llc,CREST ROOFING LLC,954-586-5866,https://crestroofingfl.com,,,,CREST ROOFING LLC 954-586-5866,
186,crosier-son-roofing-inc,CROSIER & SON ROOFING INC,352-372-0200,https://crosierroofing.com,,,,CROSIER & SON ROOFING INC 352-372-0200,
187,crown-residential-services-llc,CROWN RESIDENTIAL SERVICES LLC,855-276-9655,https://crownroofing.com,,,,CROWN RESIDENTIAL SERVICES LLC 855-276-9655,
188,crown-roofing-waterproofing-llc,CROWN ROOFING & WATERPROOFING LLC,855-276-9655,https://crownroofing.com,,,,CROWN ROOFING & WATERPROOFING LLC 855-276-9655,
189,crowther-roofing-sheet-metal-of-fl-inc,CROWTHER ROOFING & SHEET METAL OF FL INC,239-337-1300,https://crowther.net,,,,CROWTHER ROOFING & SHEET METAL OF FL INC 239-337-1300,
271,ctr-roofing-llc,CTR ROOFING LLC,407-509-8391,,,,,CTR ROOFING LLC 407-509-8391,
171,cw-s-quality-roofing-inc,CW'S QUALITY ROOFING INC,941-766-8676,,,,,CW'S QUALITY ROOFING INC 941-766-8676,
191,cye-enterprises-inc,CYE ENTERPRISES INC,904-224-8224,https://cyeinc.com,,,,CYE ENTERPRISES INC 904-224-8224,
206,d-peck-roofing-inc,D PECK ROOFING INC,239-489-2200,https://dpeckroofing.com,,,,D PECK ROOFING INC 239-489-2200,
277,d-squared-services-llc,D SQUARED SERVICES LLC,863-993-5149,,,,,D SQUARED SERVICES LLC 863-993-5149,
202,d-j-roofing-and-construction-inc,D&J ROOFING AND CONSTRUCTION INC,941-909-4204,https://djroofingconstruction.com,,,,D&J ROOFING AND CONSTRUCTION INC 941-909-4204,
208,d-roofing-group-inc,D' ROOFING GROUP INC,236-256-7788,https://droofinggroup.com,,,,D' ROOFING GROUP INC 236-256-7788,
424,d-r-martineau-construction-inc,D.R. MARTINEAU CONSTRUCTION INC,239-332-1441,,,,,D.R. MARTINEAU CONSTRUCTION INC 239-332-1441,
192,dal-mar-roofing-industries-inc,DAL MAR ROOFING INDUSTRIES INC,386-760-8240,https://dalmarroofing.com,,,,DAL MAR ROOFING INDUSTRIES INC 386-760-8240,
193,damar-construction-services-inc,DAMAR CONSTRUCTION SERVICES INC,786-380-0143,https://damar-roofing.com,,,,DAMAR CONSTRUCTION SERVICES INC 786-380-0143,
296,dan-mccullers-incorporated,DAN MCCULLERS INCORPORATED,727-538-0808,,,,,DAN MCCULLERS INCORPORATED 727-538-0808,
274,david-bange-roofing-llc,DAVID BANGE ROOFING LLC,954-435-7663,,,,,DAVID BANGE ROOFING LLC 954-435-7663,
194,davis-roofing-sheet-metal-llc,DAVIS ROOFING & SHEET METAL LLC,850-665-9072,https://davisroofingllc.com,,,,DAVIS ROOFING & SHEET METAL LLC 850-665-9072,
195,daylight-concepts-llc,DAYLIGHT CONCEPTS LLC,813-886-5500,https://daylightconcepts.com,,,,DAYLIGHT CONCEPTS LLC 813-886-5500,
649,dc-roofing-inc,DC ROOFING INC,321-802-9051,,,,,DC ROOFING INC 321-802-9051,
197,dcg-roofing,DCG ROOFING,786-348-3306,https://dcgroofingco.com,,,,DCG ROOFING 786-348-3306,
275,ddr-quality-roofing-sheet-metal,DDR QUALITY ROOFING & SHEET METAL,386-437-7700,,,,,DDR QUALITY ROOFING & SHEET METAL 386-437-7700,
650,dependable-roofing-inc,DEPENDABLE ROOFING INC,772-569-0880,,,,,DEPENDABLE ROOFING INC 772-569-0880,
198,destin-roofing-inc,DESTIN ROOFING INC,850-837-2645,https://destinroofing.com,,,,DESTIN ROOFING INC 850-837-2645,
47,devlin-roofing-inc,DEVLIN ROOFING INC,239-394-7000,,,,,DEVLIN ROOFING INC 239-394-7000,
199,dibble-roofing-co-inc,DIBBLE ROOFING CO INC,904-408-8027,https://dibbleroofing.com,,,,DIBBLE ROOFING CO INC 904-408-8027,
468,dick-pittman-roof-services-inc,DICK PITTMAN ROOF SERVICES INC,904-824-1327,https://pittmanroofing.com,,,,DICK PITTMAN ROOF SERVICES INC 904-824-1327,
200,dickson-roofing-llc,DICKSON ROOFING LLC,239-643-1004,https://dicksonroofing.com,,,,DICKSON ROOFING LLC 239-643-1004,
54,dimensional-roof-systems,DIMENSIONAL ROOF SYSTEMS,407-341-5657,,,,,DIMENSIONAL ROOF SYSTEMS 407-341-5657,
201,distinctive-roofing-inc,DISTINCTIVE ROOFING INC,954-846-7663,https://distinctiveroofing.net,,,,DISTINCTIVE ROOFING INC 954-846-7663,
203,dockside-roofing-inc,DOCKSIDE ROOFING INC,813-983-9099,https://docksideroofing.com,,,,DOCKSIDE ROOFING INC 813-983-9099,
586,don-poss-roofing-inc,DON POSS ROOFING INC,352-637-6687,https://tampabay.rr.com,,,,DON POSS ROOFING INC 352-637-6687,
204,don-schmidt-contracting-roofing-inc,DON SCHMIDT CONTRACTING & ROOFING INC,407-892-9884,https://donschmidtroofing.com,,,,DON SCHMIDT CONTRACTING & ROOFING INC 407-892-9884,
423,done-rite-roofing-inc,DONE RITE ROOFING INC,727-771-8747,,,,,DONE RITE ROOFING INC 727-771-8747,
205,double-c-roofing-inc,DOUBLE C ROOFING INC,386-734-9322,https://doublecroofing.com,,,,DOUBLE C ROOFING INC 386-734-9322,
207,drew-roofing-llc,DREW ROOFING LLC,727-522-3739,https://drewroofing.com,,,,DREW ROOFING LLC 727-522-3739,
209,drs-of-central-florida-inc,DRS OF CENTRAL FLORIDA INC,407-240-1225,https://drs-roofing.com,,,,DRS OF CENTRAL FLORIDA INC 407-240-1225,
604,dunnrite-roofing-inc,DUNNRITE ROOFING INC,352-438-0042,https://tommydunnroofing.com,,,,DUNNRITE ROOFING INC 352-438-0042,
210,durabilis-roofing-llc,DURABILIS ROOFING LLC,239-347-9207,https://durabilisroofing.com,,,,DURABILIS ROOFING LLC 239-347-9207,
211,dynamic-national,DYNAMIC NATIONAL,727-498-6204,https://dynamicnational.com,,,,DYNAMIC NATIONAL 727-498-6204,
212,dynamic-roofing-concepts-inc,DYNAMIC ROOFING CONCEPTS INC,813-657-7663,https://dynamicroofingconcepts.com,,,,DYNAMIC ROOFING CONCEPTS INC 813-657-7663,
196,dynasty-building-solutions-llc,DYNASTY BUILDING SOLUTIONS LLC,813-321-3269,https://dbstpa.com,,,,DYNASTY BUILDING SOLUTIONS LLC 813-321-3269,
227,e-z-general-roofing-contractors-inc,E-Z GENERAL & ROOFING CONTRACTORS INC,954-418-8640,https://ezgeneral.com,,,,E-Z GENERAL & ROOFING CONTRACTORS INC 954-418-8640,
48,eagle-i-construction-corp,EAGLE I CONSTRUCTION CORP,561-768-1733,,,,,EAGLE I CONSTRUCTION CORP 561-768-1733,
377,earl-w-johnston-roofing-llc,EARL W JOHNSTON ROOFING LLC,954-989-7794,https://johnstonroofing.com,,,,EARL W JOHNSTON ROOFING LLC 954-989-7794,
278,east-coast-roofing-solutions-inc,EAST COAST ROOFING SOLUTIONS INC,321-292-9803,,,,,EAST COAST ROOFING SOLUTIONS INC 321-292-9803,
214,eco-construction-group,ECO CONSTRUCTION GROUP,352-504-0346,https://ecoconstructionllc.com,,,,ECO CONSTRUCTION GROUP 352-504-0346,
101,edgar-quintin-inc,EDGAR QUINTIN INC,407-857-0098,,,,,EDGAR QUINTIN INC 407-857-0098,
216,edge-2-edge-roofing,EDGE 2 EDGE ROOFING,877-488-3343,https://edge2edgeroofing.com,,,,EDGE 2 EDGE ROOFING 877-488-3343,
217,edwards-roofing-co-inc,EDWARDS ROOFING CO INC,850-478-0230,https://edwardsroofing.com,,,,EDWARDS ROOFING CO INC 850-478-0230,
218,eguard-roof-safety-systems-llc,EGUARD ROOF & SAFETY SYSTEMS LLC,407-802-4112,https://eguardroofing.com,,,,EGUARD ROOF & SAFETY SYSTEMS LLC 407-802-4112,
213,elias-brothers-general-contractor-inc,ELIAS BROTHERS GENERAL CONTRACTOR INC,239-293-2442,https://ebgcontracting.com,,,,ELIAS BROTHERS GENERAL CONTRACTOR INC 239-293-2442,
220,elite-roofing-inc,ELITE ROOFING INC,561-840-7663,https://eliteroofs.com,,,,ELITE ROOFING INC 561-840-7663,
219,elite-roofing-services,ELITE ROOFING SERVICES,813-630-0800,https://eliteroofingservices.com,,,,ELITE ROOFING SERVICES 813-630-0800,
221,elo-roofing,ELO ROOFING,904-528-0188,https://elorestoration.com,,,,ELO ROOFING 904-528-0188,
222,emc-roofing-llc,EMC ROOFING LLC,813-535-1481,https://emcroofing.com,,,,EMC ROOFING LLC 813-535-1481,
215,emerald-coast-roofscapes-inc,EMERALD COAST ROOFSCAPES INC,850-685-7195,https://ecroofscapes.com,,,,EMERALD COAST ROOFSCAPES INC 850-685-7195,
223,empire-roofing-co-se-llc,EMPIRE ROOFING CO SE LLC,954-972-7338,https://empireroofing.com,,,,EMPIRE ROOFING CO SE LLC 954-972-7338,
224,empire-roofing-sales-services-inc,EMPIRE ROOFING SALES & SERVICES INC,904-391-1007,https://empireroofingjax.com,,,,EMPIRE ROOFING SALES & SERVICES INC 904-391-1007,
668,endless-summer-roofing-co,ENDLESS SUMMER ROOFING CO,904-357-0722,https://yourfloridaroofer.com,,,,ENDLESS SUMMER ROOFING CO 904-357-0722,
225,energy-roofing-technology-se-llc,ENERGY ROOFING TECHNOLOGY SE LLC,855-766-3852,https://energyroofingco.com,,,,ENERGY ROOFING TECHNOLOGY SE LLC 855-766-3852,
226,evans-roofing,EVANS ROOFING,954-566-5238,https://evansroof.com,,,,EVANS ROOFING 954-566-5238,
50,evans-roofing-llc,EVANS ROOFING LLC,352-288-3127,,,,,EVANS ROOFING LLC 352-288-3127,
398,family-pride-roofing-inc,FAMILY PRIDE ROOFING INC,941-429-6464,https://live.com,,,,FAMILY PRIDE ROOFING INC 941-429-6464,
663,ferber-osteen-roofing-and-sheet-metal,FERBER & OSTEEN ROOFING AND SHEET METAL,352-372-3666,,,,,FERBER & OSTEEN ROOFING AND SHEET METAL 352-372-3666,
228,ferber-sheet-metal-works-inc,FERBER SHEET METAL WORKS INC,904-356-3042,https://ferbersmw.com,,,,FERBER SHEET METAL WORKS INC 904-356-3042,
596,fidus-roofing-construction-llc,FIDUS ROOFING & CONSTRUCTION LLC,904-230-5548,https://thefidusgroup.com,,,,FIDUS ROOFING & CONSTRUCTION LLC 904-230-5548,
280,five-star-roofing-of-north-east-fl-inc,FIVE STAR ROOFING OF NORTH EAST FL INC,386-385-8504,,,,,FIVE STAR ROOFING OF NORTH EAST FL INC 386-385-8504,
672,fixd-roofing-llc,FIXD ROOFING LLC,772-618-3493,https://fixdroofing.com,,,,FIXD ROOFING LLC 772-618-3493,
229,fl-brees,FL BREES,850-865-3210,https://flbrees.com,,,,FL BREES 850-865-3210,
239,fl-specialty-roofing,FL SPECIALTY ROOFING,352-415-4596,https://flsroof.com,,,,FL SPECIALTY ROOFING 352-415-4596,
169,flash-custom-metal-roofing-inc,FLASH CUSTOM METAL ROOFING INC,941-766-1888,,,,,FLASH CUSTOM METAL ROOFING INC 941-766-1888,
232,florida-legacy-roofing-llc,FLORIDA LEGACY ROOFING LLC,727-264-8550,https://floridalegacyroofing.com,,,,FLORIDA LEGACY ROOFING LLC 727-264-8550,
240,florida-native-roofing,FLORIDA NATIVE ROOFING,321-499-4448,https://fnrcc.com,,,,FLORIDA NATIVE ROOFING 321-499-4448,
233,florida-roof-bros-llc,FLORIDA ROOF BROS LLC,321-446-1702,https://floridaroofbros.com,,,,FLORIDA ROOF BROS LLC 321-446-1702,
283,florida-roof-design-inc,FLORIDA ROOF DESIGN INC,321-750-2434,,,,,FLORIDA ROOF DESIGN INC 321-750-2434,
234,florida-roof-llc,FLORIDA ROOF LLC,850-281-0457,https://floridaroofllc.com,,,,FLORIDA ROOF LLC 850-281-0457,
238,florida-roof-restorations,FLORIDA ROOF RESTORATIONS,352-290-8815,https://flroofrestorations.com,,,,FLORIDA ROOF RESTORATIONS 352-290-8815,
46,florida-roof-systems-inc,FLORIDA ROOF SYSTEMS INC,321-636-4448,,,,,FLORIDA ROOF SYSTEMS INC 321-636-4448,
282,florida-roofing-sheet-metal-llc,FLORIDA ROOFING & SHEET METAL LLC,561-260-2012,,,,,FLORIDA ROOFING & SHEET METAL LLC 561-260-2012,
106,florida-roofing-of-palm-beach-county,FLORIDA ROOFING OF PALM BEACH COUNTY,561-833-9704,,,,,FLORIDA ROOFING OF PALM BEACH COUNTY 561-833-9704,
235,florida-shelter-roofing-llc,FLORIDA SHELTER ROOFING LLC,813-316-6260,https://floridashelterroofing.com,,,,FLORIDA SHELTER ROOFING LLC 813-316-6260,
237,florida-southern-roofing-sheet-metal-inc,FLORIDA SOUTHERN ROOFING & SHEET METAL INC,941-954-8811,https://floridasouthern.com,,,,FLORIDA SOUTHERN ROOFING & SHEET METAL INC 941-954-8811,
651,fnf-enterprises-inc,FNF ENTERPRISES INC,352-509-3277,,,,,FNF ENTERPRISES INC 352-509-3277,
241,foster-s-roofing-enterprises-inc,FOSTER'S ROOFING ENTERPRISES INC,352-799-0045,https://fostersroofing.co,,,,FOSTER'S ROOFING ENTERPRISES INC 352-799-0045,
244,fowler-s-sheet-metal-inc,FOWLER'S SHEET METAL INC,561-659-3309,https://fsmfla.com,,,,FOWLER'S SHEET METAL INC 561-659-3309,
242,frank-s-roofing-spraying-inc,FRANK'S ROOFING & SPRAYING INC,239-369-9045,https://franksroofinginc.com,,,,FRANK'S ROOFING & SPRAYING INC 239-369-9045,
243,freeman-roofing,FREEMAN ROOFING,850-994-1078,https://freemanroofing.com,,,,FREEMAN ROOFING 850-994-1078,
157,g-g-roofing,G&G ROOFING,321-301-4470,,,,,G&G ROOFING 321-301-4470,
44,gainesville-roofing-co-inc,GAINESVILLE ROOFING & CO INC,352-335-1969,,,,,GAINESVILLE ROOFING & CO INC 352-335-1969,
245,galaxy-builders-inc,GALAXY BUILDERS INC,904-503-4164,https://galaxyfla.com,,,,GALAXY BUILDERS INC 904-503-4164,
246,galloway-roofing-llc,GALLOWAY ROOFING LLC,941-697-3737,https://gallowayroofing.com,,,,GALLOWAY ROOFING LLC 941-697-3737,
247,garabar-inc,GARABAR INC,561-337-6798,https://garabar.com,,,,GARABAR INC 561-337-6798,
523,garrett-roofing-inc,GARRETT ROOFING INC,813-717-7663,https://roofn.com,,,,GARRETT ROOFING INC 813-717-7663,
270,gary-southard-construction-llc,GARY SOUTHARD CONSTRUCTION LLC,352-359-6842,,,,,GARY SOUTHARD CONSTRUCTION LLC 352-359-6842,
248,gary-s-roofing-llc,GARY'S ROOFING LLC,941-922-5199,https://garysroofing.com,,,,GARY'S ROOFING LLC 941-922-5199,
250,giampri-corp,GIAMPRI CORP,754-262-5773,https://giampri.com,,,,GIAMPRI CORP 754-262-5773,
251,gibson-sons-roofing-inc,GIBSON & SONS ROOFING INC,727-585-3143,https://gibsonandsonsroofing.com,,,,GIBSON & SONS ROOFING INC 727-585-3143,
253,giza-roofing-solutions-inc,GIZA ROOFING SOLUTIONS INC,239-980-2424,https://gizaroofingsolutions.com,,,,GIZA ROOFING SOLUTIONS INC 239-980-2424,
656,global-roofing-and-contracting-llc,GLOBAL ROOFING AND CONTRACTING LLC,239-653-9703,,,,,GLOBAL ROOFING AND CONTRACTING LLC 239-653-9703,
652,godwin-green-roofing,GODWIN GREEN ROOFING,352-538-4795,,,,,GODWIN GREEN ROOFING 352-538-4795,
322,gold-key-roofing-llc,GOLD KEY ROOFING LLC,407-851-0680,https://goldkeyroofing.com,,,,GOLD KEY ROOFING LLC 407-851-0680,
323,gomez-roofing-co,GOMEZ ROOFING CO,954-974-4848,https://gomez-roofing.com,,,,GOMEZ ROOFING CO 954-974-4848,
272,graston-roofing-co-inc,GRASTON ROOFING CO INC,904-707-3660,,,,,GRASTON ROOFING CO INC 904-707-3660,
671,green-leaf-roofing-llc,GREEN LEAF ROOFING LLC,813-577-2488,,,,,GREEN LEAF ROOFING LLC 813-577-2488,
325,greentek-property-solutions-llc,GREENTEK PROPERTY SOLUTIONS LLC,813-333-1963,https://greentekps.com,,,,GREENTEK PROPERTY SOLUTIONS LLC 813-333-1963,
399,greg-s-roofing-inc,GREG'S ROOFING INC,386-672-2821,https://live.com,,,,GREG'S ROOFING INC 386-672-2821,
326,gulf-coast-roofing,GULF COAST ROOFING,850-465-7663,https://gulfcoastroofing.net,,,,GULF COAST ROOFING 850-465-7663,
249,gulf-coast-roofing-co-inc,GULF COAST ROOFING CO INC,239-597-9007,https://gcroofing.com,,,,GULF COAST ROOFING CO INC 239-597-9007,
51,gulf-states-industries-inc,GULF STATES INDUSTRIES INC,727-849-8376,,,,,GULF STATES INDUSTRIES INC 727-849-8376,
328,gulledge-roofing-inc,GULLEDGE ROOFING INC,386-738-1967,https://gulledgeroofinginc@gmail.com,,,,GULLEDGE ROOFING INC 386-738-1967,
347,gullett-roofing-llc,GULLETT ROOFING LLC,863-412-2821,,,,,GULLETT ROOFING LLC 863-412-2821,
252,gustafson-industries,GUSTAFSON INDUSTRIES,561-732-0656,https://giroofers.com,,,,GUSTAFSON INDUSTRIES 561-732-0656,
329,gutterhawk-inc,GUTTERHAWK INC,850-656-4295,https://gutterhawk.com,,,,GUTTERHAWK INC 850-656-4295,
52,guy-s-diversified-inc,GUY'S DIVERSIFIED INC,863-967-9773,,,,,GUY'S DIVERSIFIED INC 863-967-9773,
327,gwr-gulf-western,GWR GULF WESTERN,800-277-0647,https://gulfwesterngroup.com,,,,GWR GULF WESTERN 800-277-0647,
122,hall-roofing-company-llc,HALL ROOFING COMPANY LLC,850-229-1579,https://blackfinconstruction.com,,,,HALL ROOFING COMPANY LLC 850-229-1579,
330,hamilton-roofing-inc,HAMILTON ROOFING INC,321-729-0548,https://hamiltonroofinginc.com,,,,HAMILTON ROOFING INC 321-729-0548,
331,handyman-home-repair-services-of-pinellas-inc,HANDYMAN HOME REPAIR SERVICES OF PINELLAS INC,727-577-2468,https://handymanroofing.com,,,,HANDYMAN HOME REPAIR SERVICES OF PINELLAS INC 727-577-2468,
173,harrell-roofing-llc,HARRELL ROOFING LLC,850-575-9564,,,,,HARRELL ROOFING LLC 850-575-9564,
332,hartford-south-llc,HARTFORD SOUTH LLC,407-857-9392,https://hartfordsouth.com,,,,HARTFORD SOUTH LLC 407-857-9392,
333,harvath-roofing-inc,HARVATH ROOFING INC,941-761-3447,https://harvathroofing.com,,,,HARVATH ROOFING INC 941-761-3447,
334,hd-roofing-and-construction-llc,HD ROOFING AND CONSTRUCTION LLC,407-401-5173,https://hdroofers.com,,,,HD ROOFING AND CONSTRUCTION LLC 407-401-5173,
335,heart-of-florida-roofing,HEART OF FLORIDA ROOFING,407-462-5414,https://heartoffloridaroofing.com,,,,HEART OF FLORIDA ROOFING 407-462-5414,
336,hendrick-roofing-inc,HENDRICK ROOFING INC,727-531-1025,https://hendrickroofing.com,,,,HENDRICK ROOFING INC 727-531-1025,
337,hercules-roofing-llc,HERCULES ROOFING LLC,561-955-9889,https://herculesroofing.com,,,,HERCULES ROOFING LLC 561-955-9889,
338,hermitage-roofing-co,HERMITAGE ROOFING CO,561-235-7400,https://hermitageroofingfl.com,,,,HERMITAGE ROOFING CO 561-235-7400,
339,hi-rise-commercial-roofing-inc,HI-RISE COMMERCIAL ROOFING INC,954-792-5651,https://hi-riseroofing.com,,,,HI-RISE COMMERCIAL ROOFING INC 954-792-5651,
357,high-quality-roofing-co,HIGH QUALITY ROOFING CO,407-403-8932,https://hqroofingco.com,,,,HIGH QUALITY ROOFING CO 407-403-8932,
340,high-tide-roofing-waterproofing-inc,HIGH TIDE ROOFING & WATERPROOFING INC,904-460-6731,https://hightideroofing.com,,,,HIGH TIDE ROOFING & WATERPROOFING INC 904-460-6731,
341,high-tower-roofing-contracting-llc,HIGH TOWER ROOFING & CONTRACTING LLC,863-510-5477,https://hightowerroofing.com,,,,HIGH TOWER ROOFING & CONTRACTING LLC 863-510-5477,
301,hinspeter-roofing-inc,HINSPETER ROOFING INC,239-455-1216,,,,,HINSPETER ROOFING INC 239-455-1216,
343,hopkins-roofing-inc,HOPKINS ROOFING INC,727-739-8883,https://hopkinsroofing.com,,,,HOPKINS ROOFING INC 727-739-8883,
653,hopton-roofing-inc,HOPTON ROOFING INC,386-228-3595,,,,,HOPTON ROOFING INC 386-228-3595,
356,hough-roofing-screen-rooms,HOUGH ROOFING & SCREEN ROOMS,321-837-1838,https://houghroofing.net,,,,HOUGH ROOFING & SCREEN ROOMS 321-837-1838,
358,huber-associates,HUBER & ASSOCIATES,386-487-1040,https://huberroofing.com,,,,HUBER & ASSOCIATES 386-487-1040,
308,huey-services-inc,HUEY SERVICES INC,813-881-9199,,,,,HUEY SERVICES INC 813-881-9199,
359,hurricane-roofer-llc,HURRICANE ROOFER LLC,850-860-0253,https://hurricaneroofer.com,,,,HURRICANE ROOFER LLC 850-860-0253,
360,hw-contracting-llc,HW CONTRACTING LLC,904-217-0227,https://hwcontracting.net,,,,HW CONTRACTING LLC 904-217-0227,
279,ideal-home-solutions-llc,IDEAL HOME SOLUTIONS LLC,833-433-2547,,,,,IDEAL HOME SOLUTIONS LLC 833-433-2547,
361,imperial-roofing-of-polk-county-inc,IMPERIAL ROOFING OF POLK COUNTY INC,863-967-9244,https://imperialroofingofpolkcounty.com,,,,IMPERIAL ROOFING OF POLK COUNTY INC 863-967-9244,
362,ims-roofing-lc,IMS ROOFING LC,386-215-3087,https://imsroofinglc.com,,,,IMS ROOFING LC 386-215-3087,
363,infinity-roofing-llc,INFINITY ROOFING LLC,386-575-4007,https://infinityroofing.org,,,,INFINITY ROOFING LLC 386-575-4007,
365,innovative-roofing-inc,INNOVATIVE ROOFING INC,954-429-8845,https://ircsouthflorida.com,,,,INNOVATIVE ROOFING INC 954-429-8845,
364,integrity-roofing-gutters-inc,INTEGRITY ROOFING & GUTTERS INC,407-960-4058,https://integrityroofingfl.com,,,,INTEGRITY ROOFING & GUTTERS INC 407-960-4058,
366,isaacs-roofing-insulation-corp,ISAACS ROOFING & INSULATION CORP,305-234-5234,https://isaacsroofing.com,,,,ISAACS ROOFING & INSULATION CORP 305-234-5234,
371,jack-c-wilson-roofing-co,JACK C WILSON ROOFING CO,904-396-1546,https://jcwroof.com,,,,JACK C WILSON ROOFING CO 904-396-1546,
413,jackson-enterprises-of-brevard,JACKSON ENTERPRISES OF BREVARD,321-727-3515,https://mindspring.com,,,,JACKSON ENTERPRISES OF BREVARD 321-727-3515,
367,jada-roofing-llc,JADA ROOFING LLC,904-606-7663,https://jadaroofing.com,,,,JADA ROOFING LLC 904-606-7663,
368,james-roofing-services-inc,JAMES ROOFING SERVICES INC,727-289-7171,https://jamesroofinginc.com,,,,JAMES ROOFING SERVICES INC 727-289-7171,
380,jan-tukker-inc,JAN TUKKER INC,407-767-6912,https://jtibuilders.com,,,,JAN TUKKER INC 407-767-6912,
369,janney-construction-services-llc,JANNEY CONSTRUCTION SERVICES LLC,321-385-7663,https://janneyroofing.com,,,,JANNEY CONSTRUCTION SERVICES LLC 321-385-7663,
370,jav-contractors-inc,JAV CONTRACTORS INC,561-856-8720,https://javcontractors.com,,,,JAV CONTRACTORS INC 561-856-8720,
287,jb-roofing-waterproofing-llc,JB ROOFING & WATERPROOFING LLC,772-834-7663,,,,,JB ROOFING & WATERPROOFING LLC 772-834-7663,
372,jebco-weatherproofing-management-llc,JEBCO WEATHERPROOFING MANAGEMENT LLC,904-419-7754,https://jebcowm.com,,,,JEBCO WEATHERPROOFING MANAGEMENT LLC 904-419-7754,
373,jeff-albert-roofing-inc,JEFF ALBERT ROOFING INC,561-988-6001,https://jeffalbertroofing.com,,,,JEFF ALBERT ROOFING INC 561-988-6001,
374,jiffy-services-of-central-florida,JIFFY SERVICES OF CENTRAL FLORIDA,410-984-6789,https://jiffyservices.net,,,,JIFFY SERVICES OF CENTRAL FLORIDA 410-984-6789,
654,jim-taylor-roofing-inc,JIM TAYLOR ROOFING INC,386-673-5216,,,,,JIM TAYLOR ROOFING INC 386-673-5216,
68,jim-wheeler-repairs-llc,JIM WHEELER REPAIRS LLC,850-259-6104,,,,,JIM WHEELER REPAIRS LLC 850-259-6104,
288,jireh-roofing-contractor-usa-inc,JIREH ROOFING CONTRACTOR USA INC,305-900-9322,,,,,JIREH ROOFING CONTRACTOR USA INC 305-900-9322,
95,jk-behan-general-roofing-contractor,JK BEHAN GENERAL ROOFING CONTRACTOR,321-242-1911,https://behanroofing@gmail.com,,,,JK BEHAN GENERAL ROOFING CONTRACTOR 321-242-1911,
84,john-son-roofing-inc,JOHN & SON ROOFING INC,772-562-1270,,,,,JOHN & SON ROOFING INC 772-562-1270,
99,john-carruth-retired,JOHN CARRUTH - RETIRED,305-986-3449,,,,,JOHN CARRUTH - RETIRED 305-986-3449,
59,john-gilmore-roofing-inc,JOHN GILMORE ROOFING INC,904-880-8044,,,,,JOHN GILMORE ROOFING INC 904-880-8044,
131,john-keller-roofing,JOHN KELLER ROOFING,407-332-0345,https://brighthouse.com,,,,JOHN KELLER ROOFING 407-332-0345,
375,john-rogers-roofing-inc,JOHN ROGERS ROOFING INC,239-455-3868,https://johnrogersroofing.com,,,,JOHN ROGERS ROOFING INC 239-455-3868,
376,johnson-s-air-conditioning-inc,JOHNSON'S AIR CONDITIONING INC,239-597-4675,https://johnsonsairconditioning.com,,,,JOHNSON'S AIR CONDITIONING INC 239-597-4675,
290,jovil-roofing-corp,JOVIL ROOFING CORP,954-941-4737,,,,,JOVIL ROOFING CORP 954-941-4737,
379,jr-co,JR & CO,239-308-0011,https://jrcousa.com,,,,JR & CO 239-308-0011,
381,jto-contracting-inc,JTO CONTRACTING INC,407-732-7500,https://jtocontracting.com,,,,JTO CONTRACTING INC 407-732-7500,
382,jurin-roofing-services-inc,JURIN ROOFING SERVICES INC,863-422-3176,https://jurinroofingflorida.com,,,,JURIN ROOFING SERVICES INC 863-422-3176,
383,jv-contractors-llc,JV CONTRACTORS LLC,407-401-9050,https://jv-contractors.com,,,,JV CONTRACTORS LLC 407-401-9050,
385,k-g-construction-co-inc,K&G CONSTRUCTION CO INC,904-772-1316,https://kandgcontractors.com,,,,K&G CONSTRUCTION CO INC 904-772-1316,
384,kam-roofing-services-llc,KAM ROOFING SERVICES LLC,727-637-6827,https://kamroofingservices.com,,,,KAM ROOFING SERVICES LLC 727-637-6827,
386,karma-roofing,KARMA ROOFING,321-465-2762,https://karmaroofing.com,,,,KARMA ROOFING 321-465-2762,
387,key-roofing-exteriors,KEY ROOFING & EXTERIORS,888-539-1717,https://keyroofing.com,,,,KEY ROOFING & EXTERIORS 888-539-1717,
388,keys-roofing-inc,KEYS ROOFING INC,305-451-5678,https://keysroofinginc.com,,,,KEYS ROOFING INC 305-451-5678,
352,kilyn-construction-inc,KILYN CONSTRUCTION INC,850-250-7374,,,,,KILYN CONSTRUCTION INC 850-250-7374,
389,king-roofing-service-inc,KING ROOFING SERVICE INC,239-598-2414,https://kingroofing.com,,,,KING ROOFING SERVICE INC 239-598-2414,
390,kirkey-roofing-inc,KIRKEY ROOFING INC,941-474-2113,https://kirkeyroofing.com,,,,KIRKEY ROOFING INC 941-474-2113,
392,kl-smith-inc,KL SMITH INC,863-647-5560,https://klsmithinc.com,,,,KL SMITH INC 863-647-5560,
391,klr-roofing-corp,KLR ROOFING CORP,561-603-9914,https://klrroofing.com,,,,KLR ROOFING CORP 561-603-9914,
393,lamphier-company,LAMPHIER & COMPANY,407-330-1628,https://lamphier.com,,,,LAMPHIER & COMPANY 407-330-1628,
349,larry-miller-inc,LARRY MILLER INC,813-931-4024,,,,,LARRY MILLER INC 813-931-4024,
291,larry-neese-llc,LARRY NEESE LLC,772-361-6580,,,,,LARRY NEESE LLC 772-361-6580,
394,latite-roofing-sheet-metal-co,LATITE ROOFING & SHEET METAL CO,954-772-3446,https://latite.com,,,,LATITE ROOFING & SHEET METAL CO 954-772-3446,
648,leeg-roofing-inc,LEEG ROOFING INC,352-503-2273,,,,,LEEG ROOFING INC 352-503-2273,
103,leeward-roofing-llc,LEEWARD ROOFING LLC,772-589-2400,,,,,LEEWARD ROOFING LLC 772-589-2400,
395,legacy-contracting-solutions-inc,LEGACY CONTRACTING SOLUTIONS INC,561-844-4910,https://legacycontractingsolutions.com,,,,LEGACY CONTRACTING SOLUTIONS INC 561-844-4910,
396,legacy-roofing-srq,LEGACY ROOFING SRQ,941-226-9200,https://legacyroofingsrq.com,,,,LEGACY ROOFING SRQ 941-226-9200,
397,len-s-roofing-inc,LEN'S ROOFING INC,941-896-7897,https://lensroofing.com,,,,LEN'S ROOFING INC 941-896-7897,
104,leo-roofing-construction,LEO ROOFING & CONSTRUCTION,561-935-4979,,,,,LEO ROOFING & CONSTRUCTION 561-935-4979,
284,leonard-clark-roofing-inc,LEONARD CLARK ROOFING INC,386-734-7823,,,,,LEONARD CLARK ROOFING INC 386-734-7823,
504,lindholm-construction-inc,LINDHOLM CONSTRUCTION INC,305-852-5730,https://ricklindholm.com,,,,LINDHOLM CONSTRUCTION INC 305-852-5730,
401,lou-jezdimir-roofing-inc,LOU JEZDIMIR ROOFING INC,954-761-7853,https://loujezdimirroofing.com,,,,LOU JEZDIMIR ROOFING INC 954-761-7853,
402,luviano-roofing-co-inc,LUVIANO ROOFING CO INC,863-357-3838,https://luvianogroup.com,,,,LUVIANO ROOFING CO INC 863-357-3838,
293,luxury-roofing-service-llc,LUXURY ROOFING SERVICE LLC,321-263-5071,,,,,LUXURY ROOFING SERVICE LLC 321-263-5071,
403,maco-construction-services-llc,MACO CONSTRUCTION SERVICES LLC,561-844-2225,https://macoroofing.com,,,,MACO CONSTRUCTION SERVICES LLC 561-844-2225,
34,maddox-roofing-inc,MADDOX ROOFING INC,561-968-2442,https://alpha-fence.com,,,,MADDOX ROOFING INC 561-968-2442,
404,magnum-roofing-restoration,MAGNUM ROOFING & RESTORATION,813-606-4414,https://magnumrestoration.com,,,,MAGNUM ROOFING & RESTORATION 813-606-4414,
405,maintenx-international-roofing-division,MAINTENX INTERNATIONAL ROOFING DIVISION,855-751-0075,https://maintenx.com,,,,MAINTENX INTERNATIONAL ROOFING DIVISION 855-751-0075,
406,manson-roofing-inc,MANSON ROOFING INC,941-748-5547,https://mansonroofing.com,,,,MANSON ROOFING INC 941-748-5547,
407,marathon-roofing-and-contracting-inc,MARATHON ROOFING AND CONTRACTING INC,407-636-7663,https://marathonroofs.com,,,,MARATHON ROOFING AND CONTRACTING INC 407-636-7663,
542,marion-service-roofing-sheet-metal-co,MARION SERVICE ROOFING & SHEET METAL CO,352-622-7256,https://serviceroofing.com,,,,MARION SERVICE ROOFING & SHEET METAL CO 352-622-7256,
415,mark-kaufman-roofing,MARK KAUFMAN ROOFING,941-426-5241,https://mkroof.com,,,,MARK KAUFMAN ROOFING 941-426-5241,
408,mark-taylor-construction-llc,MARK TAYLOR CONSTRUCTION LLC,850-554-5440,https://marktaylor.net,,,,MARK TAYLOR CONSTRUCTION LLC 850-554-5440,
409,martin-roofing-services-inc,MARTIN ROOFING SERVICES INC,407-679-4553,https://martinroofingservicesfl.com,,,,MARTIN ROOFING SERVICES INC 407-679-4553,
294,marzo-roofing-inc,MARZO ROOFING INC,772-871-2489,,,,,MARZO ROOFING INC 772-871-2489,
678,maxxim-construction-rfg-llc,MAXXIM CONSTRUCTION & RFG LLC,904-773-5150,,,,,MAXXIM CONSTRUCTION & RFG LLC 904-773-5150,
675,mb-enterprises-roofing-sheet-metal-inc,MB ENTERPRISES ROOFING & SHEET METAL INC,772-562-7549,,,,,MB ENTERPRISES ROOFING & SHEET METAL INC 772-562-7549,
674,mccurdy-walden-inc,MCCURDY-WALDEN INC,904-783-9000,https://mccurdywalden.com,,,,MCCURDY-WALDEN INC 904-783-9000,
676,mcdavid-roofing-inc,MCDAVID ROOFING INC,386-462-4803,,,,,MCDAVID ROOFING INC 386-462-4803,
673,mcenany-roofing-inc,MCENANY ROOFING INC,813-988-1669,https://mcenany.com,,,,MCENANY ROOFING INC 813-988-1669,
677,mcfadden-s-roofing-inc,MCFADDEN'S ROOFING INC,407-682-9082,,,,,MCFADDEN'S ROOFING INC 407-682-9082,
680,mcfall-builders-inc,MCFALL BUILDERS INC,352-377-5512,https://mcfallbuilders.com,,,,MCFALL BUILDERS INC 352-377-5512,
670,megram-construction-co,MEGRAM CONSTRUCTION CO,407-592-7360,https://megramfl.com,,,,MEGRAM CONSTRUCTION CO 407-592-7360,
679,metal-roofing-of-florida-llc,METAL ROOFING OF FLORIDA LLC,850-662-1160,,,,,METAL ROOFING OF FLORIDA LLC 850-662-1160,
183,michael-e-warren-inc,MICHAEL E WARREN INC,,https://cox.net,,,,MICHAEL E WARREN INC,
113,michael-kevin-walsh-roofing-inc,MICHAEL KEVIN WALSH ROOFING INC,772-781-0900,,,,,MICHAEL KEVIN WALSH ROOFING INC 772-781-0900,
427,midwest-roofing-company-inc,MIDWEST ROOFING COMPANY INC,321-425-3068,https://mwroofingcompany.com,,,,MIDWEST ROOFING COMPANY INC 321-425-3068,
412,mighty-dog-roofing,MIGHTY DOG ROOFING,941-251-4257,https://mightydogroofing.com,,,,MIGHTY DOG ROOFING 941-251-4257,
411,mighty-dog-roofing-151,MIGHTY DOG ROOFING 151,407-789-3181,https://mightydog.com,,,,MIGHTY DOG ROOFING 151 407-789-3181,
351,mike-willis-roofing-construction-llc,MIKE WILLIS ROOFING & CONSTRUCTION LLC,321-254-7176,,,,,MIKE WILLIS ROOFING & CONSTRUCTION LLC 321-254-7176,
414,mitchell-sons-roofing-llc,MITCHELL & SONS ROOFING LLC,727-807-5217,https://mitchellandsonsroofing.com,,,,MITCHELL & SONS ROOFING LLC 727-807-5217,
416,modtek-roofing-inc,MODTEK ROOFING INC,772-213-8437,https://modtekinc.com,,,,MODTEK ROOFING INC 772-213-8437,
417,molsbee-roofing-inc,MOLSBEE ROOFING INC,561-318-8624,https://molsbeeroofing.com,,,,MOLSBEE ROOFING INC 561-318-8624,
418,montgomery-winslow-roofing,MONTGOMERY-WINSLOW ROOFING,239-694-1056,https://montgomerywinslow.com,,,,MONTGOMERY-WINSLOW ROOFING 239-694-1056,
174,moody-s-roofing-inc,MOODY'S ROOFING INC,904-781-0569,,,,,MOODY'S ROOFING INC 904-781-0569,
419,moody-s-sheet-metal,MOODY'S SHEET METAL,386-252-4464,https://moodyssheetmetal.com,,,,MOODY'S SHEET METAL 386-252-4464,
297,moore-roofing-builders-inc,MOORE ROOFING & BUILDERS INC,239-394-2100,,,,,MOORE ROOFING & BUILDERS INC 239-394-2100,
420,morgan-conley-roofing-repair-llc,MORGAN CONLEY ROOFING & REPAIR LLC,904-380-1563,https://morganconleyroofing.net,,,,MORGAN CONLEY ROOFING & REPAIR LLC 904-380-1563,
421,movi-contractors-llc,MOVI CONTRACTORS LLC,321-333-8405,https://movicontractors.com,,,,MOVI CONTRACTORS LLC 321-333-8405,
425,mullet-s-aluminum-products-inc,MULLET'S ALUMINUM PRODUCTS INC,941-371-3502,https://mulletsaluminum.com,,,,MULLET'S ALUMINUM PRODUCTS INC 941-371-3502,
426,munyan-restoration-waterproofing,MUNYAN RESTORATION WATERPROOFING,727-442-5062,https://munyancontractor.com,,,,MUNYAN RESTORATION WATERPROOFING 727-442-5062,
85,murphy-builders-iinc,MURPHY BUILDERS IINC,561-436-4677,,,,,MURPHY BUILDERS IINC 561-436-4677,
429,my-florida-roofing-contractor,MY FLORIDA ROOFING CONTRACTOR,772-453-7219,https://myflroofingcontractor.com,,,,MY FLORIDA ROOFING CONTRACTOR 772-453-7219,
434,national-building-contractors-inc,NATIONAL BUILDING CONTRACTORS INC,770-860-1780,https://nbcworldwide.com,,,,NATIONAL BUILDING CONTRACTORS INC 770-860-1780,
431,national-roofing-of-collier-inc,NATIONAL ROOFING OF COLLIER INC,239-263-8043,https://nationalroofingofcollier.com,,,,NATIONAL ROOFING OF COLLIER INC 239-263-8043,
432,nations-roofing-construction-mechanical-llc,NATIONS ROOFING CONSTRUCTION & MECHANICAL LLC,813-485-4440,https://nationsrcm.com,,,,NATIONS ROOFING CONSTRUCTION & MECHANICAL LLC 813-485-4440,
433,nature-coast-roofing-solutions-inc,NATURE COAST ROOFING SOLUTIONS INC,727-597-3414,https://naturecoastroof.com,,,,NATURE COAST ROOFING SOLUTIONS INC 727-597-3414,
435,neal-strickland-roofing-inc,NEAL STRICKLAND ROOFING INC,386-328-5509,https://nealstricklandroofing.com,,,,NEAL STRICKLAND ROOFING INC 386-328-5509,
299,nemetz-roofing,NEMETZ ROOFING,386-663-1800,,,,,NEMETZ ROOFING 386-663-1800,
437,neumann-construction-roofing-llc,NEUMANN CONSTRUCTION & ROOFING LLC,877-762-6350,https://nfoc.net,,,,NEUMANN CONSTRUCTION & ROOFING LLC 877-762-6350,
230,new-roofing-contractors,NEW ROOFING CONTRACTORS,863-617-0504,https://flnewroofing.com,,,,NEW ROOFING CONTRACTORS 863-617-0504,
300,new-south-roofing-inc,NEW SOUTH ROOFING INC,229-515-3780,,,,,NEW SOUTH ROOFING INC 229-515-3780,
436,new-south-systems-inc,NEW SOUTH SYSTEMS INC,850-671-3333,https://newsouthsystems.com,,,,NEW SOUTH SYSTEMS INC 850-671-3333,
255,nine-square-roofing-construction-llc,NINE SQUARE ROOFING & CONSTRUCTION LLC,407-668-0033,,,,,NINE SQUARE ROOFING & CONSTRUCTION LLC 407-668-0033,
439,o-hara-s-son-roofing-co,O'HARA'S SON ROOFING CO,229-356-7647,https://oharasson.com,,,,O'HARA'S SON ROOFING CO 229-356-7647,
440,o-neal-roofing-company-inc,O'NEAL ROOFING COMPANY INC,386-752-7578,https://onealcompanies.com,,,,O'NEAL ROOFING COMPANY INC 386-752-7578,
438,ocala-roofing-inc,OCALA ROOFING INC,352-622-5235,https://ocalaroofing.com,,,,OCALA ROOFING INC 352-622-5235,
354,old-world-craftsmen-inc,OLD WORLD CRAFTSMEN INC,386-758-3264,,,,,OLD WORLD CRAFTSMEN INC 386-758-3264,
441,one-love-roofing,ONE LOVE ROOFING,402-551-7744,https://oneloveenterprises.net,,,,ONE LOVE ROOFING 402-551-7744,
658,orange-county-roofing-inc,ORANGE COUNTY ROOFING INC,407-568-7702,,,,,ORANGE COUNTY ROOFING INC 407-568-7702,
302,orem-construction-services-llc,OREM CONSTRUCTION SERVICES LLC,407-908-2850,,,,,OREM CONSTRUCTION SERVICES LLC 407-908-2850,
442,orlando-roofing-company,ORLANDO ROOFING COMPANY,407-275-9444,https://oremconstructionservices@gmail.com,,,,ORLANDO ROOFING COMPANY 407-275-9444,
597,orlando-roofing-llc,ORLANDO ROOFING LLC,561-202-4912,https://theorlandoroofingco.com,,,,ORLANDO ROOFING LLC 561-202-4912,
285,otis-joiner-roofing-contractor-inc,OTIS JOINER ROOFING CONTRACTOR INC,941-729-1751,,,,,OTIS JOINER ROOFING CONTRACTOR INC 941-729-1751,
447,over-the-top-roof-repair-inc,OVER THE TOP ROOF REPAIR INC,772-888-6535,https://overthetoproofrepair.com,,,,OVER THE TOP ROOF REPAIR INC 772-888-6535,
443,owens-contracting-services-inc,OWENS CONTRACTING SERVICES INC,407-730-7212,https://orsfl.com,,,,OWENS CONTRACTING SERVICES INC 407-730-7212,
448,p-a-roofing-sheet-metal-inc,P&A ROOFING & SHEET METAL INC,407-650-9541,https://pa-roofing.com,,,,P&A ROOFING & SHEET METAL INC 407-650-9541,
38,pace-roofing-inc,PACE ROOFING INC,561-642-8840,https://ametco-roofing.com,,,,PACE ROOFING INC 561-642-8840,
449,paletz-roofing-inspections-inc,PALETZ ROOFING & INSPECTIONS INC,833-916-7663,https://paletzroofing.com,,,,PALETZ ROOFING & INSPECTIONS INC 833-916-7663,
57,palm-beach-roofing-maintenance-llc,PALM BEACH ROOFING & MAINTENANCE LLC,561-293-1407,,,,,PALM BEACH ROOFING & MAINTENANCE LLC 561-293-1407,
451,palm-roofing-corp,PALM ROOFING CORP,305-235-3833,https://palmroofing.com,,,,PALM ROOFING CORP 305-235-3833,
452,panda-roof,PANDA ROOF,772-778-6803,https://pandacontractors.com,,,,PANDA ROOF 772-778-6803,
655,parlament-roofing-construction,PARLAMENT ROOFING & CONSTRUCTION,727-571-4110,,,,,PARLAMENT ROOFING & CONSTRUCTION 727-571-4110,
453,patrick-roofing-inc,PATRICK ROOFING INC,321-728-7865,https://patrickroofing.com,,,,PATRICK ROOFING INC 321-728-7865,
454,patriot-response-group,PATRIOT RESPONSE GROUP,772-538-4008,https://patriotrg.com,,,,PATRIOT RESPONSE GROUP 772-538-4008,
455,paul-bange-roofing-inc,PAUL BANGE ROOFING INC,954-981-7663,https://paulbangeroofing.com,,,,PAUL BANGE ROOFING INC 954-981-7663,
456,pbrown-builders-llc,PBROWN BUILDERS LLC,850-346-3175,https://pbrownllc.com,,,,PBROWN BUILDERS LLC 850-346-3175,
58,pdf-roofing-llc,PDF ROOFING LLC,941-316-9339,,,,,PDF ROOFING LLC 941-316-9339,
458,peet-roofing,PEET ROOFING,407-268-3178,https://peetroofingcentralflorida.com,,,,PEET ROOFING 407-268-3178,
459,pegasus-builders-inc,PEGASUS BUILDERS INC,561-790-3116,https://pegasusbuildersinc.com,,,,PEGASUS BUILDERS INC 561-790-3116,
460,perfect-choice-roofing-inc,PERFECT CHOICE ROOFING INC,954-706-1500,https://perfectchoiceroof.com,,,,PERFECT CHOICE ROOFING INC 954-706-1500,
461,performance-roofing-llc,PERFORMANCE ROOFING LLC,407-210-1503,https://performanceroofingusa.com,,,,PERFORMANCE ROOFING LLC 407-210-1503,
462,perkins-roofing-corporation,PERKINS ROOFING CORPORATION,305-687-6521,https://perkinsroofing.net,,,,PERKINS ROOFING CORPORATION 305-687-6521,
463,perry-roofing-contractors,PERRY ROOFING CONTRACTORS,352-373-2724,https://perryroofing.com,,,,PERRY ROOFING CONTRACTORS 352-373-2724,
464,pestana-roofing-co-inc,PESTANA ROOFING CO INC,561-585-0541,https://pestanaroofing.com,,,,PESTANA ROOFING CO INC 561-585-0541,
109,petito-roofing-inc,PETITO ROOFING INC,954-796-0772,,,,,PETITO ROOFING INC 954-796-0772,
465,pinnacle-roofing-group-llc,PINNACLE ROOFING GROUP LLC,386-631-5566,https://pinnacleroofinggroup.com,,,,PINNACLE ROOFING GROUP LLC 386-631-5566,
466,pioneer-roofing-company-llc,PIONEER ROOFING COMPANY LLC,954-920-7688,https://pioneerroofingcompany.com,,,,PIONEER ROOFING COMPANY LLC 954-920-7688,
467,pit-crew-roofing,PIT CREW ROOFING,321-339-3000,https://pitcrewroofing.com,,,,PIT CREW ROOFING 321-339-3000,
469,polaris-roofing-inc,POLARIS ROOFING INC,239-944-0622,https://polarisroofing.net,,,,POLARIS ROOFING INC 239-944-0622,
470,pooles-roofing-repairs-inc,POOLES ROOFING & REPAIRS INC,239-348-2928,https://poolesroofing.com,,,,POOLES ROOFING & REPAIRS INC 239-348-2928,
86,port-orange-a-c-heating-inc,PORT ORANGE A/C & HEATING INC,386-761-6690,,,,,PORT ORANGE A/C & HEATING INC 386-761-6690,
471,poseidon-roofing-llc,POSEIDON ROOFING LLC,239-737-4789,https://poseidonroof.com,,,,POSEIDON ROOFING LLC 239-737-4789,
273,power-roofing-construction-llc,POWER ROOFING & CONSTRUCTION LLC,407-566-2364,,,,,POWER ROOFING & CONSTRUCTION LLC 407-566-2364,
472,prattco-inc,PRATTCO INC,813-973-4771,https://prattcoroofing.com,,,,PRATTCO INC 813-973-4771,
474,precision-exteriors-llc,PRECISION EXTERIORS LLC,386-752-4022,https://prexterior.com,,,,PRECISION EXTERIORS LLC 386-752-4022,
473,premium-roofing-systems-llc,PREMIUM ROOFING SYSTEMS LLC,321-344-0083,https://premiumroofingsys.com,,,,PREMIUM ROOFING SYSTEMS LLC 321-344-0083,
475,prg-roofing-construction-inc,PRG ROOFING & CONSTRUCTION INC,239-237-2906,https://prgroofing.net,,,,PRG ROOFING & CONSTRUCTION INC 239-237-2906,
682,price-construction-roofing-inc,PRICE CONSTRUCTION & ROOFING INC,863-533-3277,,,,,PRICE CONSTRUCTION & ROOFING INC 863-533-3277,
457,prime-choice-roofing-llc,PRIME CHOICE ROOFING LLC,407-466-0372,https://pcroofingfl.com,,,,PRIME CHOICE ROOFING LLC 407-466-0372,
476,prime-roofing,PRIME ROOFING,904-530-1446,https://primeroofingfl.com,,,,PRIME ROOFING 904-530-1446,
303,pro-tech-roofing-construction-llc,PRO TECH ROOFING & CONSTRUCTION LLC,954-593-8240,,,,,PRO TECH ROOFING & CONSTRUCTION LLC 954-593-8240,
478,pro-s-choice-roofing-llc,PRO'S CHOICE ROOFING LLC,321-338-2456,https://proschoiceroofing.com,,,,PRO'S CHOICE ROOFING LLC 321-338-2456,
479,pro-tech-roofing-of-brevard,PRO-TECH ROOFING OF BREVARD,321-783-1694,https://protechroofingofbrevard.com,,,,PRO-TECH ROOFING OF BREVARD 321-783-1694,
477,procraft-exteriors-inc,PROCRAFT EXTERIORS INC,239-970-8116,https://procraftfl.com,,,,PROCRAFT EXTERIORS INC 239-970-8116,
683,professional-roof-technology-llc,PROFESSIONAL ROOF TECHNOLOGY LLC,727-823-3322,,,,,PROFESSIONAL ROOF TECHNOLOGY LLC 727-823-3322,
265,property-renovations-construction-llc,PROPERTY RENOVATIONS & CONSTRUCTION LLC,321-421-6374,,,,,PROPERTY RENOVATIONS & CONSTRUCTION LLC 321-421-6374,
444,protech-roofing-services-llc,PROTECH ROOFING SERVICES LLC,352-601-0799,,,,,PROTECH ROOFING SERVICES LLC 352-601-0799,
480,providential-roofing-construction-inc,PROVIDENTIAL ROOFING & CONSTRUCTION INC,941-226-4000,https://providentialroofing.com,,,,PROVIDENTIAL ROOFING & CONSTRUCTION INC 941-226-4000,
481,psi-roofing,PSI ROOFING,954-791-7663,https://psi-roofing.com,,,,PSI ROOFING 954-791-7663,
482,quality-metals-inc,QUALITY METALS INC,407-321-3181,https://qualitymetals.net,,,,QUALITY METALS INC 407-321-3181,
483,quality-roofing-inc,QUALITY ROOFING INC,813-620-4797,https://qualityroofinginc.net,,,,QUALITY ROOFING INC 813-620-4797,
484,quality-roofing-solutions-llc,QUALITY ROOFING SOLUTIONS LLC,850-777-0961,https://qualityroofingsolutions.com,,,,QUALITY ROOFING SOLUTIONS LLC 850-777-0961,
485,quick-roofing-llc,QUICK ROOFING LLC,863-738-2533,https://quickroofing.com,,,,QUICK ROOFING LLC 863-738-2533,
491,r-c-roofing-and-contracting-llc,R&C ROOFING AND CONTRACTING LLC,407-286-2545,https://rcroofers.com,,,,R&C ROOFING AND CONTRACTING LLC 407-286-2545,
492,r-d-construction-and-roofing,R&D CONSTRUCTION AND ROOFING,786-379-5843,https://rd-cr.net,,,,R&D CONSTRUCTION AND ROOFING 786-379-5843,
506,r-j-coatings-waterproofing-inc,R&J COATINGS & WATERPROOFING INC,386-947-4888,https://rjcoatings.com,,,,R&J COATINGS & WATERPROOFING INC 386-947-4888,
531,r-r-industries-inc,R&R INDUSTRIES INC,386-253-7627,https://rrindustriesdaytona.com,,,,R&R INDUSTRIES INC 386-253-7627,
110,r-r-roofing-of-brevard-inc,R&R ROOFING OF BREVARD INC,321-259-3731,,,,,R&R ROOFING OF BREVARD INC 321-259-3731,
486,r-j-group-inc,R/J GROUP INC,386-760-0764,https://r-jgroup.com,,,,R/J GROUP INC 386-760-0764,
276,rain-proof-roofing-contracting-llc,RAIN PROOF ROOFING & CONTRACTING LLC,877-997-2737,,,,,RAIN PROOF ROOFING & CONTRACTING LLC 877-997-2737,
487,rainbow-roofing-solutions,RAINBOW ROOFING SOLUTIONS,954-370-7879,https://rainbowroofing.com,,,,RAINBOW ROOFING SOLUTIONS 954-370-7879,
488,rainshield-roofing-corp,RAINSHIELD ROOFING CORP,954-282-9111,https://rainshieldroofing.net,,,,RAINSHIELD ROOFING CORP 954-282-9111,
100,ralph-decicco,RALPH DECICCO,904-635-0079,,,,,RALPH DECICCO 904-635-0079,
489,ramcon-llc,RAMCON LLC,813-663-9667,https://ramconllc.com,,,,RAMCON LLC 813-663-9667,
445,ras-roofing-llc,RAS ROOFING LLC,561-805-8564,,,,,RAS ROOFING LLC 561-805-8564,
490,rbs-construction-llc,RBS CONSTRUCTION LLC,407-859-8163,https://rbsroofing.com,,,,RBS CONSTRUCTION LLC 407-859-8163,
305,rci-roof-services-inc,RCI ROOF SERVICES INC,772-202-7074,,,,,RCI ROOF SERVICES INC 772-202-7074,
493,recovery-roofing-inc,RECOVERY ROOFING INC,904-518-3558,https://recoveryroofinginc.com,,,,RECOVERY ROOFING INC 904-518-3558,
494,red-dog-s-roofing-of-florida-inc,RED DOG'S ROOFING OF FLORIDA INC,941-210-5736,https://reddogsroofingflorida.com,,,,RED DOG'S ROOFING OF FLORIDA INC 941-210-5736,
495,red-stag-contracting-inc,RED STAG CONTRACTING INC,904-880-4681,https://redstagcontracting.com,,,,RED STAG CONTRACTING INC 904-880-4681,
619,reed-roofing-co,REED ROOFING CO,727-327-2488,,,,,REED ROOFING CO 727-327-2488,
496,register-roofing-sheet-metal-inc,REGISTER ROOFING & SHEET METAL INC,904-215-8533,https://registerroofing.com,,,,REGISTER ROOFING & SHEET METAL INC 904-215-8533,
497,reliable-roofing-of-florida-inc,RELIABLE ROOFING OF FLORIDA INC,407-720-7188,https://reliableroofing.biz,,,,RELIABLE ROOFING OF FLORIDA INC 407-720-7188,
499,reliant-roofing-services-llc,RELIANT ROOFING SERVICES LLC,386-679-6228,https://reliantroofingservice.com,,,,RELIANT ROOFING SERVICES LLC 386-679-6228,
498,reliant-roofing-solar-hurricane-shutters,RELIANT ROOFING SOLAR & HURRICANE SHUTTERS,904-657-0880,https://reliantroofing.com,,,,RELIANT ROOFING SOLAR & HURRICANE SHUTTERS 904-657-0880,
594,reroof-america-contractors-of-fl-llc,REROOF AMERICA CONTRACTORS OF FL LLC,jremrich@reroofamerica.com\\,https://test.xom,,,,REROOF AMERICA CONTRACTORS OF FL LLC jremrich@reroofamerica.com\\,
500,restore-group-llc,RESTORE GROUP LLC,407-955-4252,https://restoregroup.com,,,,RESTORE GROUP LLC 407-955-4252,
501,revildor,REVILDOR,321-332-3392,https://revildor.com,,,,REVILDOR 321-332-3392,
502,rf-lusa-sons-sheet-metal-inc,RF LUSA & SONS SHEET METAL INC,863-682-0798,https://rflusa.com,,,,RF LUSA & SONS SHEET METAL INC 863-682-0798,
306,rh-quality-metal-of-florida-llc,RH QUALITY METAL OF FLORIDA LLC,407-279-2454,,,,,RH QUALITY METAL OF FLORIDA LLC 407-279-2454,
503,rich-moore-roofing-llc,RICH MOORE ROOFING LLC,561-704-9223,https://richmooreroofing.com,,,,RICH MOORE ROOFING LLC 561-704-9223,
345,richard-barfield-roofing-inc,RICHARD BARFIELD ROOFING INC,850-229-7788,,,,,RICHARD BARFIELD ROOFING INC 850-229-7788,
505,right-now-roofing-fl-inc,RIGHT NOW ROOFING FL INC,941-246-2991,https://rightnowroofingfl.com,,,,RIGHT NOW ROOFING FL INC 941-246-2991,
659,rlk-construction-co-of-naples-inc,RLK CONSTRUCTION CO OF NAPLES INC,239-455-6683,,,,,RLK CONSTRUCTION CO OF NAPLES INC 239-455-6683,
507,rms-orlando-inc,RMS ORLANDO INC,407-245-7663,https://rms-orlando.com,,,,RMS ORLANDO INC 407-245-7663,
508,roberson-roofing-inc,ROBERSON ROOFING INC,386-677-2211,https://robersonroofinginc.com,,,,ROBERSON ROOFING INC 386-677-2211,
153,robert-batson-roofing-inc,ROBERT BATSON ROOFING INC,407-423-7570,,,,,ROBERT BATSON ROOFING INC 407-423-7570,
509,robert-binns-roofing-inc,ROBERT BINNS ROOFING INC,863-984-9685,https://robertbinnsroofing.com,,,,ROBERT BINNS ROOFING INC 863-984-9685,
307,robert-jones-roofing-general-contracting-llc,ROBERT JONES ROOFING & GENERAL CONTRACTING LLC,321-403-5047,,,,,ROBERT JONES ROOFING & GENERAL CONTRACTING LLC 321-403-5047,
510,robinson-roofing-restoration-llc,ROBINSON ROOFING & RESTORATION LLC,866-295-1114,https://robinsonsroofs.com,,,,ROBINSON ROOFING & RESTORATION LLC 866-295-1114,
353,rock-home-improvements-llc,ROCK HOME IMPROVEMENTS LLC,321-504-6282,,,,,ROCK HOME IMPROVEMENTS LLC 321-504-6282,
511,rodemeyer-roofing-llc,RODEMEYER ROOFING LLC,954-815-6028,https://rodemeyerroofing.com,,,,RODEMEYER ROOFING LLC 954-815-6028,
660,rodman-roofing-inc,RODMAN ROOFING INC,305-264-3551,,,,,RODMAN ROOFING INC 305-264-3551,
512,roman-roofing-inc,ROMAN ROOFING INC,239-458-7663,https://romanroofinginc.com,,,,ROMAN ROOFING INC 239-458-7663,
516,roof-commander-inc,ROOF COMMANDER INC,855-536-ROOF (7663),https://roofcommander.com,,,,ROOF COMMANDER INC 855-536-ROOF (7663),
517,roof-express-llc,ROOF EXPRESS LLC,561-533-5325,https://roofexpressfl.com,,,,ROOF EXPRESS LLC 561-533-5325,
310,roof-pro,ROOF PRO,561-249-0247,,,,,ROOF PRO 561-249-0247,
525,roof-pros-usa-llc,ROOF PROS USA LLC,407-574-4856,https://roofprosusa.com,,,,ROOF PROS USA LLC 407-574-4856,
62,roof-repairs-only-inc,ROOF REPAIRS ONLY INC,772-562-7663,,,,,ROOF REPAIRS ONLY INC 772-562-7663,
514,roof-right-llc,ROOF RIGHT LLC,239-766-3669,https://roof-right.com,,,,ROOF RIGHT LLC 239-766-3669,
105,roof-solutions-inc,ROOF SOLUTIONS INC,954-815-0560,,,,,ROOF SOLUTIONS INC 954-815-0560,
527,roof-technologies-llc,ROOF TECHNOLOGIES LLC,954-900-4072,https://rooftechnologiesfl.com,,,,ROOF TECHNOLOGIES LLC 954-900-4072,
528,roof-top-services-of-central-florida-inc,ROOF TOP SERVICES OF CENTRAL FLORIDA INC,407-696-7663,https://rooftopservices.com,,,,ROOF TOP SERVICES OF CENTRAL FLORIDA INC 407-696-7663,
529,roof-x-inc,ROOF X INC,844-877-6639,https://roofxincfl.com,,,,ROOF X INC 844-877-6639,
524,roof-over-america-llc,ROOF-OVER AMERICA LLC,407-607-9135,https://roofoveramerica.com,,,,ROOF-OVER AMERICA LLC 407-607-9135,
513,roofcrafters-roofing-llc,ROOFCRAFTERS ROOFING LLC,877-676-6373,https://roof-crafters.com,,,,ROOFCRAFTERS ROOFING LLC 877-676-6373,
661,roofing-company-llc,ROOFING & COMPANY LLC,407-699-0088,,,,,ROOFING & COMPANY LLC 407-699-0088,
309,roofing-construction-corp,ROOFING & CONSTRUCTION CORP,954-638-4580,,,,,ROOFING & CONSTRUCTION CORP 954-638-4580,
518,roofing-by-curry,ROOFING BY CURRY,941-921-9111,https://roofingbycurry.com,,,,ROOFING BY CURRY 941-921-9111,
519,roofing-pioneers-llc,ROOFING PIONEERS LLC,407-634-1221,https://roofingpioneers.com,,,,ROOFING PIONEERS LLC 407-634-1221,
520,roofing-reina,ROOFING REINA,305-834-1882,https://roofingreina.com,,,,ROOFING REINA 305-834-1882,
450,roofing-unlimited-sheet-metal-inc,ROOFING UNLIMITED & SHEET METAL INC,561-842-0075,https://palmbeachroofers.com,,,,ROOFING UNLIMITED & SHEET METAL INC 561-842-0075,
521,roofman-inc,ROOFMAN INC,561-844-0892,https://roofmaninc.com,,,,ROOFMAN INC 561-844-0892,
522,roofmaster-of-south-florida-inc,ROOFMASTER OF SOUTH FLORIDA INC,239-337-5761,https://roofmasterofsfl.com,,,,ROOFMASTER OF SOUTH FLORIDA INC 239-337-5761,
311,roofpro-roofing-llc,ROOFPRO ROOFING LLC,850-332-3330,,,,,ROOFPRO ROOFING LLC 850-332-3330,
430,roofsmith-of-tampa-bay-inc,ROOFSMITH OF TAMPA BAY INC,813-419-0502,https://myroofsmith.com,,,,ROOFSMITH OF TAMPA BAY INC 813-419-0502,
526,rooftech-roofing-sheet-metal-inc,ROOFTECH ROOFING & SHEET METAL INC,954-735-0807,https://rooftechfl.com,,,,ROOFTECH ROOFING & SHEET METAL INC 954-735-0807,
530,rouen-services-inc,ROUEN SERVICES INC,786-877-6858,https://rouenservices.com,,,,ROUEN SERVICES INC 786-877-6858,
63,rs-martin-roofing-inc,RS MARTIN ROOFING INC,727-395-9493,,,,,RS MARTIN ROOFING INC 727-395-9493,
662,russ-noyes-roofing-inc-rhino-roofing,RUSS NOYES ROOFING INC - RHINO ROOFING,407-388-7700,,,,,RUSS NOYES ROOFING INC - RHINO ROOFING 407-388-7700,
175,ryan-holmes-contracting-inc,RYAN HOLMES CONTRACTING INC,772-232-6988,,,,,RYAN HOLMES CONTRACTING INC 772-232-6988,
532,ryskcon-construction-inc,RYSKCON CONSTRUCTION INC,386-445-7945,https://ryskcon.com,,,,RYSKCON CONSTRUCTION INC 386-445-7945,
565,s-s-roofing-systems-inc,S&S ROOFING SYSTEMS INC,407-696-4334,https://ss-roofing.com,,,,S&S ROOFING SYSTEMS INC 407-696-4334,
533,saint-raphael-roofing-inc,SAINT RAPHAEL ROOFING INC,239-220-5120,https://saintraphaelroofing.com,,,,SAINT RAPHAEL ROOFING INC 239-220-5120,
61,sal-vitale-the-roof-doctor-inc,SAL VITALE THE ROOF DOCTOR INC,321-725-2104,,,,,SAL VITALE THE ROOF DOCTOR INC 321-725-2104,
534,salomon-roofing-waterproofing,SALOMON ROOFING & WATERPROOFING,305-883-1856,https://salomonroofing.com,,,,SALOMON ROOFING & WATERPROOFING 305-883-1856,
535,salt-roofing,SALT ROOFING,352-638-9118,https://saltenterprisesllc.com,,,,SALT ROOFING 352-638-9118,
588,sam-damm-roofing-inc,SAM DAMM ROOFING INC,727-849-0377,https://tampabay.rr.com,,,,SAM DAMM ROOFING INC 727-849-0377,
312,sand-dollar-roofing-inc,SAND DOLLAR ROOFING INC,239-368-3900,,,,,SAND DOLLAR ROOFING INC 239-368-3900,
536,sarasota-roofing-co-inc,SARASOTA ROOFING CO INC,941-371-2801,https://sarasotaroofingcompany.com,,,,SARASOTA ROOFING CO INC 941-371-2801,
539,schick-roofing-llc,SCHICK ROOFING LLC,407-749-0808,https://schickroofing.com,,,,SCHICK ROOFING LLC 407-749-0808,
540,scott-smith-roofing-inc,SCOTT SMITH ROOFING INC,352-867-0044,https://scottsmithroofing.com,,,,SCOTT SMITH ROOFING INC 352-867-0044,
541,sean-lilly-roofing-co-inc,SEAN LILLY ROOFING CO INC,305-264-4449,https://seanlillyroofing.com,,,,SEAN LILLY ROOFING CO INC 305-264-4449,
355,sentry-metals-llc,SENTRY METALS LLC,941-539-6201,,,,,SENTRY METALS LLC 941-539-6201,
543,service-works-commercial-roofing-inc,SERVICE WORKS COMMERCIAL ROOFING INC,813-626-7717,https://serviceworksroofing.com,,,,SERVICE WORKS COMMERCIAL ROOFING INC 813-626-7717,
544,sheegog-contracting,SHEEGOG CONTRACTING,407-637-5339,https://sheegog.com,,,,SHEEGOG CONTRACTING 407-637-5339,
164,sheet-metal-masters-inc,SHEET METAL MASTERS INC,850-470-0960,https://cockrell.in,,,,SHEET METAL MASTERS INC 850-470-0960,
545,sheet-metal-unlimited-pl-inc,SHEET METAL UNLIMITED PL INC,954-793-1097,https://sheetmetalpl.com,,,,SHEET METAL UNLIMITED PL INC 954-793-1097,
546,shield-coatings-waterproofing-inc,SHIELD COATINGS & WATERPROOFING INC,813-247-5421,https://shieldcoatings.com,,,,SHIELD COATINGS & WATERPROOFING INC 813-247-5421,
547,shorebreak-inc,SHOREBREAK INC,904-624-0225,https://shorebreakservices.com,,,,SHOREBREAK INC 904-624-0225,
587,silvers-systems-inc,SILVERS SYSTEMS INC,727-823-7700,https://tampabay.rr.com,,,,SILVERS SYSTEMS INC 727-823-7700,
548,simon-roofing,SIMON ROOFING,866-641-7663,https://simonroofing.com,,,,SIMON ROOFING 866-641-7663,
549,sinclair-construction,SINCLAIR CONSTRUCTION,239-944-7077,https://sinclairconstruction.com,,,,SINCLAIR CONSTRUCTION 239-944-7077,
551,six-sigma-roofing-contractors-llc,SIX SIGMA ROOFING CONTRACTORS LLC,239-888-6613,https://sixsigmaroofing.com,,,,SIX SIGMA ROOFING CONTRACTORS LLC 239-888-6613,
553,sk-quality-roofing-inc,SK QUALITY ROOFING INC,561-276-8040,https://skqualityroofing.com,,,,SK QUALITY ROOFING INC 561-276-8040,
552,skilcon-inc,SKILCON INC,954-712-7474,https://skilcon.com,,,,SKILCON INC 954-712-7474,
554,skymark-roofing-llc,SKYMARK ROOFING LLC,352-805-8935,https://skymarkroofing.com,,,,SKYMARK ROOFING LLC 352-805-8935,
236,smart-energy-inc,SMART ENERGY INC,954-376-5515,https://floridasmartenergy.com,,,,SMART ENERGY INC 954-376-5515,
555,smitty-s-welding-and-sheet-metal-fabrication-llc,SMITTY'S WELDING AND SHEET METAL FABRICATION LLC,321-723-4533,https://smittys-welding.com,,,,SMITTY'S WELDING AND SHEET METAL FABRICATION LLC 321-723-4533,
556,solace-roofing-llc,SOLACE ROOFING LLC,772-446-3096,https://solaceroofing.com,,,,SOLACE ROOFING LLC 772-446-3096,
557,sonshine-roofing-inc,SONSHINE ROOFING INC,941-377-9933,https://sonshineroofing.com,,,,SONSHINE ROOFING INC 941-377-9933,
560,south-quality-roofing-llc,SOUTH QUALITY ROOFING LLC,786-809-9507,https://southqualityroofing.com,,,,SOUTH QUALITY ROOFING LLC 786-809-9507,
558,southeastern-coatings-waterproofing-inc,SOUTHEASTERN COATINGS & WATERPROOFING INC,386-365-8912,https://southeasterncoatings.com,,,,SOUTHEASTERN COATINGS & WATERPROOFING INC 386-365-8912,
538,southern-coast-enterprises-inc,SOUTHERN COAST ENTERPRISES INC,954-426-3312,https://sceroof.com,,,,SOUTHERN COAST ENTERPRISES INC 954-426-3312,
537,southern-coast-foundation-systems,SOUTHERN COAST FOUNDATION SYSTEMS,954-426-3312,https://sceroof.com,,,,SOUTHERN COAST FOUNDATION SYSTEMS 954-426-3312,
559,southern-coast-roofing-construction-inc,SOUTHERN COAST ROOFING & CONSTRUCTION INC,904-305-8887,https://southerncoastroofing.us,,,,SOUTHERN COAST ROOFING & CONSTRUCTION INC 904-305-8887,
561,southern-roofing-co-inc,SOUTHERN ROOFING CO INC,813-251-5252 x220,https://southroof.com,,,,SOUTHERN ROOFING CO INC 813-251-5252 x220,
295,southern-style-roofing-inc,SOUTHERN STYLE ROOFING INC,407-359-8147,,,,,SOUTHERN STYLE ROOFING INC 407-359-8147,
562,specialty-roofers-inc,SPECIALTY ROOFERS INC,850-974-7663,https://specialtyroofers.com,,,,SPECIALTY ROOFERS INC 850-974-7663,
563,spilker-roofing-sheet-metal,SPILKER ROOFING & SHEET METAL,321-459-1176,https://spilkeroofing.com,,,,SPILKER ROOFING & SHEET METAL 321-459-1176,
564,springer-peterson-roofing-sheet-metal-inc,SPRINGER-PETERSON ROOFING & SHEET METAL INC,863-665-1163,https://springerpeterson.com,,,,SPRINGER-PETERSON ROOFING & SHEET METAL INC 863-665-1163,
566,ssi-construction-inc,SSI CONSTRUCTION INC,954-771-3667,https://ssiconstructioninc@gmail.com,,,,SSI CONSTRUCTION INC 954-771-3667,
65,st-johns-heating-air-conditioning,ST JOHNS HEATING & AIR CONDITIONING,904-829-6076,,,,,ST JOHNS HEATING & AIR CONDITIONING 904-829-6076,
567,starpro-roofing-sheet-metal-inc,STARPRO ROOFING & SHEET METAL INC,772-286-8308,https://starproroofing.com,,,,STARPRO ROOFING & SHEET METAL INC 772-286-8308,
568,state-pride-roofing-of-fl-inc,STATE PRIDE ROOFING OF FL INC,561-686-8057,https://stateprideroofing.com,,,,STATE PRIDE ROOFING OF FL INC 561-686-8057,
569,state-roofing-i-llc,STATE ROOFING I LLC,239-207-3409,https://staterenovate.com,,,,STATE ROOFING I LLC 239-207-3409,
570,stay-dry-roofing-llc,STAY DRY ROOFING LLC,317-308-7773,https://staydryroofing.com,,,,STAY DRY ROOFING LLC 317-308-7773,
571,steel-rudder-roofing-llc,STEEL RUDDER ROOFING LLC,904-699-4573,https://steelrudder.com,,,,STEEL RUDDER ROOFING LLC 904-699-4573,
572,steppi-roofing-inc,STEPPI ROOFING INC,407-293-6574,https://steppi@bellsouth.net,,,,STEPPI ROOFING INC 407-293-6574,
573,stgo-pro4mance-llc,STGO PRO4MANCE LLC,863-825-7889,https://stgopro4mance.com,,,,STGO PRO4MANCE LLC 863-825-7889,
595,stonebridge-roofing,STONEBRIDGE ROOFING,32256-1584,https://test.xom,,,,STONEBRIDGE ROOFING 32256-1584,
574,stormforce-of-jacksonville,STORMFORCE OF JACKSONVILLE,904-416-3441,https://stormforce.com,,,,STORMFORCE OF JACKSONVILLE 904-416-3441,
313,story-bleich-roofing,STORY & BLEICH ROOFING,850-776-1050,,,,,STORY & BLEICH ROOFING 850-776-1050,
681,story-roofing-llc,STORY ROOFING LLC,407-449-3800,https://storyroofingllc.com,,,,STORY ROOFING LLC 407-449-3800,
575,stratus-roofing,STRATUS ROOFING,407-652-5866,https://stratusroofing.com,,,,STRATUS ROOFING 407-652-5866,
576,streamline-roofing-construction-inc,STREAMLINE ROOFING & CONSTRUCTION INC,850-575-1168,https://streamlineroofing.com,,,,STREAMLINE ROOFING & CONSTRUCTION INC 850-575-1168,
350,stuart-lyons-roofing-inc,STUART LYONS ROOFING INC,386-257-1007,,,,,STUART LYONS ROOFING INC 386-257-1007,
111,stuart-roof-repair-inc,STUART ROOF REPAIR INC,772-286-0444,,,,,STUART ROOF REPAIR INC 772-286-0444,
314,summerfield-roofing-sheet-metal,SUMMERFIELD ROOFING & SHEET METAL,352-347-7454,,,,,SUMMERFIELD ROOFING & SHEET METAL 352-347-7454,
515,summit-roofing-solar-llc,SUMMIT ROOFING & SOLAR LLC,904-723-4950,https://roof-solar.com,,,,SUMMIT ROOFING & SOLAR LLC 904-723-4950,
577,sun-catcher-roofing-ii-inc,SUN CATCHER ROOFING II INC,561-542-3851,https://suncatcherroofing.com,,,,SUN CATCHER ROOFING II INC 561-542-3851,
176,sun-coast-roofing-inc,SUN COAST ROOFING INC,239-352-8988,,,,,SUN COAST ROOFING INC 239-352-8988,
578,sun-coast-roofing-services-inc,SUN COAST ROOFING SERVICES INC,386-428-0652,https://suncoastroofing.net,,,,SUN COAST ROOFING SERVICES INC 386-428-0652,
579,sunshine-roofing-of-south-west-florida-inc,SUNSHINE ROOFING OF SOUTH WEST FLORIDA INC,239-514-3092,https://sunshineroofingofswfl.com,,,,SUNSHINE ROOFING OF SOUTH WEST FLORIDA INC 239-514-3092,
580,suntech-development-inc,SUNTECH DEVELOPMENT INC,305-799-5678,https://suntech.dev,,,,SUNTECH DEVELOPMENT INC 305-799-5678,
581,sutter-roofing-co-of-fl,SUTTER ROOFING CO OF FL,941-377-1000,https://sutterroofing.com,,,,SUTTER ROOFING CO OF FL 941-377-1000,
53,tack-warren-inc,TACK & WARREN INC,727-461-5014,,,,,TACK & WARREN INC 727-461-5014,
582,tactical-roofing-solutions-llc,TACTICAL ROOFING SOLUTIONS LLC,239-599-4164,https://tacticalroofing.org,,,,TACTICAL ROOFING SOLUTIONS LLC 239-599-4164,
583,tadlock-roofing-inc,TADLOCK ROOFING INC,850-877-5516,https://tadlockroofing.com,,,,TADLOCK ROOFING INC 850-877-5516,
584,tallahassee-roofing-inc,TALLAHASSEE ROOFING INC,850-562-8366,https://tallahsasseeroofinginc.com,,,,TALLAHASSEE ROOFING INC 850-562-8366,
67,tampa-roofing-co-inc,TAMPA ROOFING CO INC,813-238-6436,,,,,TAMPA ROOFING CO INC 813-238-6436,
590,tanenbaum-roofing,TANENBAUM ROOFING,407-841-6471,https://tanenbaumroofing.com,,,,TANENBAUM ROOFING 407-841-6471,
591,tarheel-roofing-inc,TARHEEL ROOFING INC,727-823-3455,https://tarheelcorp.com,,,,TARHEEL ROOFING INC 727-823-3455,
177,tarpon-dock-metal-craft-inc,TARPON DOCK METAL CRAFT INC,850-785-9568,,,,,TARPON DOCK METAL CRAFT INC 850-785-9568,
592,taylor-s-roofing-llc,TAYLOR'S ROOFING LLC,863-676-2555,https://tectaamerica.com,,,,TAYLOR'S ROOFING LLC 863-676-2555,
298,tecta-america-southeast-llc,TECTA AMERICA SOUTHEAST LLC,407-330-9303,,,,,TECTA AMERICA SOUTHEAST LLC 407-330-9303,
589,the-roof-authority-inc,THE ROOF AUTHORITY INC,772-468-7870,https://tampabayroofs.com,,,,THE ROOF AUTHORITY INC 772-468-7870,
256,the-roofing-company,THE ROOFING COMPANY,727-916-3151,,,,,THE ROOFING COMPANY 727-916-3151,
144,the-roofing-experts,THE ROOFING EXPERTS,407-730-9587,https://cdiroofing@gmail.com,,,,THE ROOFING EXPERTS 407-730-9587,
155,thermal-protective-coatings-of-fl,THERMAL PROTECTIVE COATINGS OF FL,386-738-0300,,,,,THERMAL PROTECTIVE COATINGS OF FL 386-738-0300,
178,thomas-roofing-solutions-llc,THOMAS ROOFING SOLUTIONS LLC,850-401-7663,,,,,THOMAS ROOFING SOLUTIONS LLC 850-401-7663,
598,thorne-metal-systems-inc,THORNE METAL SYSTEMS INC,904-284-4353,https://thornemetalsystems.com,,,,THORNE METAL SYSTEMS INC 904-284-4353,
600,tiger-team-roofing-inc,TIGER TEAM ROOFING INC,954-801-7663,https://tigerteamroofing.com,,,,TIGER TEAM ROOFING INC 954-801-7663,
324,tim-graboski-roofing-inc,TIM GRABOSKI ROOFING INC,561-276-8252,https://graboskiroofing.com,,,,TIM GRABOSKI ROOFING INC 561-276-8252,
315,tim-riner-construction-inc,TIM RINER CONSTRUCTION INC,863-967-8842,,,,,TIM RINER CONSTRUCTION INC 863-967-8842,
601,timberman-roofing-inc,TIMBERMAN ROOFING INC,850-803-5021,https://timbermanroofing.com,,,,TIMBERMAN ROOFING INC 850-803-5021,
602,tip-top-roofing-co-inc,TIP TOP ROOFING CO INC,407-660-2212,https://tiptop-roofing.com,,,,TIP TOP ROOFING CO INC 407-660-2212,
603,tlc-construction-industries-corp,TLC CONSTRUCTION INDUSTRIES CORP,941-735-3935,https://tlc-cic.com,,,,TLC CONSTRUCTION INDUSTRIES CORP 941-735-3935,
316,tm-scott-inc,TM SCOTT INC,863-465-7737,,,,,TM SCOTT INC 863-465-7737,
317,tmt-roofing-llc,TMT ROOFING LLC,352-888-4676,,,,,TMT ROOFING LLC 352-888-4676,
69,tom-sawyer-roofing,TOM SAWYER ROOFING,386-760-2312,,,,,TOM SAWYER ROOFING 386-760-2312,
605,top-construction-services-llc,TOP CONSTRUCTION SERVICES LLC,954-647-2132,https://topconser.net,,,,TOP CONSTRUCTION SERVICES LLC 954-647-2132,
606,top-gun-roofing-inc,TOP GUN ROOFING INC,904-342-0211,https://topgunroofing.net,,,,TOP GUN ROOFING INC 904-342-0211,
599,total-home-roofing,TOTAL HOME ROOFING,321-210-5425,https://throofing.com,,,,TOTAL HOME ROOFING 321-210-5425,
607,total-quality-roofing-inc,TOTAL QUALITY ROOFING INC,850-222-7663,https://totalqualityroofing.net,,,,TOTAL QUALITY ROOFING INC 850-222-7663,
608,total-roof-services-corp,TOTAL ROOF SERVICES CORP,407-495-4151,https://totalroofservices.com,,,,TOTAL ROOF SERVICES CORP 407-495-4151,
610,trade-winds-roofing-inc,TRADE WINDS ROOFING INC,772-466-9420,https://tradewindsroofing.com,,,,TRADE WINDS ROOFING INC 772-466-9420,
609,trademark-roofing,TRADEMARK ROOFING,239-848-6613,https://trademarkroofingllc.com,,,,TRADEMARK ROOFING 239-848-6613,
70,trans-coastal-construction-co-inc,TRANS COASTAL CONSTRUCTION CO INC,561-835-9522,,,,,TRANS COASTAL CONSTRUCTION CO INC 561-835-9522,
611,triple-m-roofing-corp,TRIPLE M ROOFING CORP,954-524-7000,https://triplemroofing.com,,,,TRIPLE M ROOFING CORP 954-524-7000,
612,tspark-enterprises-llc,TSPARK ENTERPRISES LLC,850-766-1340,https://tsparkconstruction.com,,,,TSPARK ENTERPRISES LLC 850-766-1340,
613,turley-roofing,TURLEY ROOFING,352-624-9100,https://turleyroofing.com,,,,TURLEY ROOFING 352-624-9100,
614,twister-roofing-const-llc,TWISTER ROOFING & CONST LLC,407-777-7799,https://twisterroofing.com,,,,TWISTER ROOFING & CONST LLC 407-777-7799,
615,universal-contracting-solar,UNIVERSAL CONTRACTING & SOLAR,239-321-5886,https://ucroof.com,,,,UNIVERSAL CONTRACTING & SOLAR 239-321-5886,
616,universal-roof-contracting,UNIVERSAL ROOF & CONTRACTING,407-295-7403,https://universalroof.com,,,,UNIVERSAL ROOF & CONTRACTING 407-295-7403,
112,universal-roofing-inc,UNIVERSAL ROOFING INC,954-923-5100,,,,,UNIVERSAL ROOFING INC 954-923-5100,
378,us-roofing-group-llc,US ROOFING GROUP LLC,888-965-0305,https://joinusroofing.com,,,,US ROOFING GROUP LLC 888-965-0305,
620,vero-beach-roofing-inc,VERO BEACH ROOFING INC,772-564-0822,https://verobeachroofing.com,,,,VERO BEACH ROOFING INC 772-564-0822,
622,veteran-roofing-inc,VETERAN ROOFING INC,954-202-2888,https://vetroof.com,,,,VETERAN ROOFING INC 954-202-2888,
621,veterans-national-property-services-llc,VETERANS NATIONAL PROPERTY SERVICES LLC,813-609-5596,https://vetnps.com,,,,VETERANS NATIONAL PROPERTY SERVICES LLC 813-609-5596,
623,veterans-roofing-property-maintenance,VETERANS ROOFING & PROPERTY MAINTENANCE,813-592-1121,https://vetroofpm.com,,,,VETERANS ROOFING & PROPERTY MAINTENANCE 813-592-1121,
624,vickers-metal-works-inc,VICKERS METAL WORKS INC,407-297-7546,https://vickersmetalworks.com,,,,VICKERS METAL WORKS INC 407-297-7546,
102,vila-builders-inc,VILA BUILDERS INC,305-992-7999,,,,,VILA BUILDERS INC 305-992-7999,
72,w-davis-llc,W DAVIS LLC,386-562-3067,,,,,W DAVIS LLC 386-562-3067,
318,warner-roof-consulting-inc,WARNER ROOF CONSULTING INC,386-736-7515,,,,,WARNER ROOF CONSULTING INC 386-736-7515,
71,watertite-roofing-co-llc,WATERTITE ROOFING CO LLC,941-483-4630,,,,,WATERTITE ROOFING CO LLC 941-483-4630,
304,wayne-s-roofing-sheet-metal,WAYNE'S ROOFING & SHEET METAL,386-255-3633,,,,,WAYNE'S ROOFING & SHEET METAL 386-255-3633,
625,waypoint-roofing-construction-inc,WAYPOINT ROOFING & CONSTRUCTION INC,321-343-1900,https://waypointroofing.com,,,,WAYPOINT ROOFING & CONSTRUCTION INC 321-343-1900,
320,we-brodbeck-roofing-co-inc,WE BRODBECK ROOFING CO INC,561-582-0449,,,,,WE BRODBECK ROOFING CO INC 561-582-0449,
628,weather-recovery-solutions,WEATHER RECOVERY SOLUTIONS,954-996-6600,https://weatherrecovery.com,,,,WEATHER RECOVERY SOLUTIONS 954-996-6600,
637,weather-shield-metal-roofing-inc,WEATHER SHIELD METAL ROOFING INC,850-733-9321,https://wsmetalroofing.com,,,,WEATHER SHIELD METAL ROOFING INC 850-733-9321,
627,weatherguard-roofing-waterproofing-inc,WEATHERGUARD ROOFING & WATERPROOFING INC,305-893-3939,https://weatherguardcoatings.com,,,,WEATHERGUARD ROOFING & WATERPROOFING INC 305-893-3939,
319,weatherproof-roofing-inc,WEATHERPROOF ROOFING INC,850-612-7000,,,,,WEATHERPROOF ROOFING INC 850-612-7000,
629,weathershield-roofing-group-inc,WEATHERSHIELD ROOFING GROUP INC,407-298-0100,https://weroofgroup.com,,,,WEATHERSHIELD ROOFING GROUP INC 407-298-0100,
630,wescon-construction-inc,WESCON CONSTRUCTION INC,321-259-6789,https://wescon.construction,,,,WESCON CONSTRUCTION INC 321-259-6789,
626,west-coast-florida-enterprises-inc,WEST COAST FLORIDA ENTERPRISES INC,239-433-9777,https://wcrw.net,,,,WEST COAST FLORIDA ENTERPRISES INC 239-433-9777,
73,west-coast-roofing-contracting-inc,WEST COAST ROOFING & CONTRACTING INC,727-791-7078,,,,,WEST COAST ROOFING & CONTRACTING INC 727-791-7078,
631,westfall-construction-inc,WESTFALL CONSTRUCTION INC,813-264-5690,https://westfallconstruction.com,,,,WESTFALL CONSTRUCTION INC 813-264-5690,
632,whale-roofing-construction-llc,WHALE ROOFING & CONSTRUCTION LLC,561-778-7800,https://whaleroofing.com,,,,WHALE ROOFING & CONSTRUCTION LLC 561-778-7800,
633,whitco-roofing-inc,WHITCO ROOFING INC,888-399-2221,https://whitcoroofing.com,,,,WHITCO ROOFING INC 888-399-2221,
87,white-s-roofing-co-inc,WHITE'S ROOFING CO INC,904-220-5546,,,,,WHITE'S ROOFING CO INC 904-220-5546,
56,whittle-s-roofing-company-inc,WHITTLE'S ROOFING COMPANY INC,352-472-2410,,,,,WHITTLE'S ROOFING COMPANY INC 352-472-2410,
114,whitton-roofing-co,WHITTON ROOFING CO,352-473-8962,,,,,WHITTON ROOFING CO 352-473-8962,
634,winter-park-roofing-inc,WINTER PARK ROOFING INC,407-671-2666,https://winterparkroofing.net,,,,WINTER PARK ROOFING INC 407-671-2666,
182,woody-cushing-roofing-inc,WOODY CUSHING ROOFING INC,850-432-9109,https://cox.net,,,,WOODY CUSHING ROOFING INC 850-432-9109,
657,wooley-brothers-inc,WOOLEY BROTHERS INC,321-805-4327,,,,,WOOLEY BROTHERS INC 321-805-4327,
446,worley-roofing-inc,WORLEY ROOFING INC,561-747-0046,,,,,WORLEY ROOFING INC 561-747-0046,
635,wormley-roofing-inc,WORMLEY ROOFING INC,321-303-0766,https://wormleyroofing.com,,,,WORMLEY ROOFING INC 321-303-0766,
636,worthmann-llc,WORTHMANN LLC,352-472-3228,https://worthmannroofing.com,,,,WORTHMANN LLC 352-472-3228,
665,yoder-roofing-inc,YODER ROOFING INC,941-378-8061,https://yoderroofinginc.com,,,,YODER ROOFING INC 941-378-8061,
666,york-roofing-llc,YORK ROOFING LLC,407-960-6384,https://yorkroofingllc.com,,,,YORK ROOFING LLC 407-960-6384,
669,z-roofing-waterproofing-inc,Z ROOFING & WATERPROOFING INC,305-623-7663,https://zroofing.com,,,,Z ROOFING & WATERPROOFING INC 305-623-7663,
321,zenith-construction-services-llc,ZENITH CONSTRUCTION SERVICES LLC,863-241-0855,,,,,ZENITH CONSTRUCTION SERVICES LLC 863-241-0855,
685,-1,\\,,,,,,\\,
