query,location
360 DEGREEZ CONSULTING LLC 352-600-0360,"Florida, USA"
A-1 AMERICAN ROOFING & SHEET METAL INC 941-549-5999,"Florida, USA"
A-STAR CONTRACTORS INC 954-922-5990,"Florida, USA"
AAA SCHWARTZ ROOFING INC 941-627-3869,"Florida, USA"
AAM INDUSTRIES INC 561-737-2383,"Florida, USA"
AASTRO ROOFING COMPANY INC 561-409-3280,"Florida, USA"
ABC ROOFING CORP 954-344-4622,"Florida, USA"
ACE PROPERTY SERVICES 305-598-1700,"Florida, USA"
ACOMA ROOFING INC 727-733-5580,"Florida, USA"
ACTION ROOFING SERVICES INC 954-776-0590,"Florida, USA"
AD-LER ROOFING INC 844-MY-ADLER,"Florida, USA"
ADERHOLD ROOFING CORP 813-681-3735,"Florida, USA"
ADVANCED ROOF TECHNOLOGY INC 321-253-5081,"Florida, USA"
ADVANCED ROOFING & SHEET METAL 239-939-4412,"Florida, USA"
ADVANCED ROOFING INC 954-522-6868,"Florida, USA"
ADVANTAGE BUILDING & ROOFING CORP 561-716-0163,"Florida, USA"
ADVANTAGE ROOFING INC 407-678-9721,"Florida, USA"
ADVOCATE RESTORATION LLC 904-707-6546,"Florida, USA"
AFFORDABLE RFG BY JOHN CADWELL INC 407-935-0050,"Florida, USA"
AFFORDABLE ROOFING OF CENTRAL FL 386-938-2001,"Florida, USA"
AIRAM CONSTRUCTION GROUP INC 954-534-2220,"Florida, USA"
AJ WELLS ROOFING & CONSTRUCTION 904-553-0069,"Florida, USA"
AJF ROOFING INC 305-456-8006 ext 7128,"Florida, USA"
AJL SELECT ENTERPRISES LLC 850-332-4782,"Florida, USA"
AK CERTIFIED CONTRACTING LLC 386-302-9063,"Florida, USA"
AKVM CONSTRUCTION GROUP INC 941-727-3996,"Florida, USA"
ALAN LINDSEY ROOFING INC 352-369-4381,"Florida, USA"
ALAN TAYLOR ROOFING LLC 904-291-8438,"Florida, USA"
ALAN'S ROOFING INC 352-686-3330,"Florida, USA"
ALBRIGHT ROOFING & CONTRACTING 727-541-2949,"Florida, USA"
ALFREY ROOFING INC 321-752-9417,"Florida, USA"
ALFY'S ROOFING INC 386-566-6112,"Florida, USA"
ALL AREA ROOFING & CONSTRUCTION INC 772-464-6800,"Florida, USA"
ALL AROUND ROOFING INC 904-783-9500,"Florida, USA"
ALL FLORIDA URETHANE INC 321-259-1372,"Florida, USA"
ALL PHASE CONSTRUCTION USA LLC 754-227-5605,"Florida, USA"
ALL PRO CONTRACTING SERVICES LLC 407-951-5288,"Florida, USA"
ALL PRO ROOFING & CONSULTING LLC 904-337-1082,"Florida, USA"
ALL SEASONS ROOFING & REPAIR OF ORLANDO 321-576-4256,"Florida, USA"
ALL SOUTH ROOFING COMPANY INC 904-781-6363,"Florida, USA"
ALL WAYS ROOFING LLC 407-925-6193,"Florida, USA"
ALL WEATHER ROOFING 941-747-4978,"Florida, USA"
ALLIED ROOFING & SHEET METAL INC 954-485-5922,"Florida, USA"
ALLIED ROOFING INC 813-875-2727,"Florida, USA"
ALPHA ROOFING & SHEET METAL LLC 352-404-8802,"Florida, USA"
ALTEC ROOFING 561-747-1990,"Florida, USA"
ALVAREZ ROOFING 813-986-4527,"Florida, USA"
ALVIN J SINGLETON INC 941-365-3359,"Florida, USA"
AMERI-CON ENTERPRISES INC 954-444-7717,"Florida, USA"
AMERICAN BUILDING CONTRACTORS 954-698-5959,"Florida, USA"
AMERICAN ROOFING & SHEET METAL INC 813-884-1815,"Florida, USA"
AMERICAN ROOFING CENTRAL INC 863-381-1453,"Florida, USA"
AMERICAS PREFERRED ROOFERS INC 786-277-3753,"Florida, USA"
AMHERST ROOFING INC 239-354-1133,"Florida, USA"
AMICK ROOFING INC 941-751-1231,"Florida, USA"
AMW CONTRACTING INC 904-725-4197,"Florida, USA"
ANCHOR ROOFING CO 305-691-7707,"Florida, USA"
ANDREW PALMER ROOFING INC 305-232-9211,"Florida, USA"
ANDREWS ROOFING LLC 561-688-1066,"Florida, USA"
ANTHONY C LEONARD ENTERPRISES INC 941-474-3533,"Florida, USA"
APACHEE ROOFING INC 850-893-3470,"Florida, USA"
ARCHITECTURAL SHEET METAL INC 407-855-7183,"Florida, USA"
ARCTIC ENTERPRISES INC 904-272-6574,"Florida, USA"
ARMOR ROOFING & HOME IMPROVEMENT 352-742-1050,"Florida, USA"
ARMSTRONG ROOFING INC 386-325-2023,"Florida, USA"
ARRY'S ROOFING SERVICES INC 727-938-9565,"Florida, USA"
ART CONSTRUCTION OF NW FL LLC 850-215-3948,"Florida, USA"
ASSURE-U AT HOME SERVICES INC 407-970-9746,"Florida, USA"
ATLANTIC ROOFING & EXTERIORS LLC 352-327-7663,"Florida, USA"
ATLAS-APEX ROOFING LLC 954-565-1567,"Florida, USA"
AVERY ROOF SERVICES LLC 941-371-5544,"Florida, USA"
AZTEC ROOFS INC 239-834-7840,"Florida, USA"
B&D ROOFING OF CENTRAL FL INC 386-734-6663,"Florida, USA"
B&T METAL WORKS INC 352-236-6000,"Florida, USA"
B&Z CUSTOM SHEET METAL INC 407-859-1101,"Florida, USA"
BACKBONE ROOFING INC 813-909-6736,"Florida, USA"
BAMA ROOFING & CONSTRUCTION CO 954-680-8050,"Florida, USA"
BARRIER ROOFING & CONSTRUCTION INC 305-432-1441,"Florida, USA"
BARRIOS ROOFING & WATERPROOFING LLC 239-888-4078,"Florida, USA"
BARTLETT ROOFING SERVICES INC 727-847-5540,"Florida, USA"
BARTLETT ROOFING SERVICES INC 727-847-5540,"Florida, USA"
BATCHELOR'S INC ROOFING CONTRACTORS 850-432-4004,"Florida, USA"
BATCHELOR'S INC ROOFING CONTRACTORS 850-432-4004,"Florida, USA"
BBG CONTRACTING GROUP INC 904-766-5800,"Florida, USA"
BCR INC 904-200-1600,"Florida, USA"
BEACHFRONT ROOFING INC 561-557-8534,"Florida, USA"
BEAVER HOME SERVICES INC 904-726-7080,"Florida, USA"
BEERY ROOFING & REDESIGN LLC 386-717-1394,"Florida, USA"
BELA ROOFING INC 407-312-3115,"Florida, USA"
BENTLEY ROOFING LLC 954-979-2233,"Florida, USA"
BENTON INTEGRITY ROOFING SYSTEMS 904-260-1372,"Florida, USA"
BERT FAIRCLOTH ROOFING INC 386-238-6220,"Florida, USA"
BEST ROOFING 954-941-9111,"Florida, USA"
BFARR CONTRACTING 321-444-6446,"Florida, USA"
BIG FISH ROOFING & WATERPROOFING LLC 904-685-8334,"Florida, USA"
BIGFOOT ROOFING & CONSTRUCTION INC 904-219-2044,"Florida, USA"
BILL RAMSEY YOUR ROOFING CONTRACTOR LLC 727-344-6071,"Florida, USA"
BKM ROOFING INC 904-548-7536,"Florida, USA"
BLACKBURN ROOFING & SHEET METAL INC 239-348-8088,"Florida, USA"
BLUE STAR ROOFING INC 407-636-7365,"Florida, USA"
BLUES BROTHERS CONSTRUCTION CORP 561-361-6378,"Florida, USA"
BOB & JERRY'S ROOFING INC 863-965-9595,"Florida, USA"
BOB HILSON & CO INC 305-246-0209,"Florida, USA"
BODAN ROOFING INC 813-977-5919,"Florida, USA"
BOHEMIA ROOFING CO INC 904-859-3539,"Florida, USA"
BOULAIS ROOFING CO 321-632-9623,"Florida, USA"
BOWEN & SON ROOFING INC 863-385-0351,"Florida, USA"
BOWLES ROOFING 352-732-9855,"Florida, USA"
BP ROOFING INC 239-275-7663,"Florida, USA"
BRAD MCDONALD ROOFING & CONSTRUCTION INC 727-856-7663,"Florida, USA"
BRANDON ROOFING 813-393-0241,"Florida, USA"
BRICKELL VIZCAYA DEVELOPMENT INC 786-683-2619,"Florida, USA"
BRILLIANT ROOFING 772-222-7663,"Florida, USA"
BRITE TOP ROOFING 407-895-1551,"Florida, USA"
BURGER ROOFING CO 904-355-2756,"Florida, USA"
BUSY BEE ROOFING 813-358-1356,"Florida, USA"
BYRNE ROOFING INC 561-471-8363,"Florida, USA"
C&S ROOFING CO 352-489-4274,"Florida, USA"
CACHE CO LLC 904-887-7663,"Florida, USA"
CALDWELL ROOFING 561-392-0971,"Florida, USA"
CAMPANY ROOF MAINTENANCE LLC 561-881-3560,"Florida, USA"
CAPPS ROOFING INC 772-545-3442,"Florida, USA"
CARDINAL ROOFING 813-689-7663,"Florida, USA"
CARDINAL ROOFING & SIDING CO INC 772-335-9550,"Florida, USA"
CARPENTER'S ROOFING & SHEET METAL INC 561-833-0341,"Florida, USA"
CASTLE ROOFING GROUP LLC 407-477-2823,"Florida, USA"
CEDAR COVE INC 352-564-8319,"Florida, USA"
CEDAR VALLEY EXTERIORS INC 407-608-5566,"Florida, USA"
CENTER POINT ROOFING & SHEET METAL INC 813-661-5814,"Florida, USA"
CENTIMARK CORP 321-304-200,"Florida, USA"
CENTRAL FLORIDA EQUITY BUILDERS 407-314-9352,"Florida, USA"
CERTIFIED BEST ROOFING INC 407-602-3363,"Florida, USA"
CERTIFIED CONSTRUCTION 386-423-0404,"Florida, USA"
CERTIFIED INDUSTRIES INC 904-955-5431,"Florida, USA"
CERTIFIED ROOFERS & GENERAL CONTRACTORS INC 813-643-8333,"Florida, USA"
CERTIFIED ROOFING SPECIALISTS INC 954-781-7663,"Florida, USA"
CF HANDYMAN LLC 813-810-7099,"Florida, USA"
CFL ROOFING INC 407-917-7663,"Florida, USA"
CFS ROOFING SERVICES LLC 239-561-2600,"Florida, USA"
CHAMPION ROOFING SERVICES INC 904-396-4642,"Florida, USA"
CHASE ROOFING & CONTRACTING INC 954-680-8588,"Florida, USA"
CHERRY ROOFING ENTERPRISES INC 954-963-2741,"Florida, USA"
CHILDERS ROOFING & S/M A TECTA AMERICA COMPANY LLC 904-696-8550,"Florida, USA"
CITRUS ROOFING CONTRACTORS LLC 407-815-7336,"Florida, USA"
CJM ROOFING INC 561-242-9399,"Florida, USA"
CLARK & ASSOCIATES CONTRACTING INC 407-749-6600,"Florida, USA"
COASTAL ACQUISITIONS OF FLORIDA LLC 850-769-9423,"Florida, USA"
COASTAL ROOFING SYSTEMS OF AMELIA 904-261-2233,"Florida, USA"
COCHRAN BROTHERS ROOFING II INC 863-385-4690,"Florida, USA"
COLLINS ROOFING INC 772-201-1352,"Florida, USA"
COLLIS ROOFING 321-441-2300,"Florida, USA"
COLONIAL ROOFING INC 239-458-1000,"Florida, USA"
COMPLETE CONSTRUCTION AND DEVELOPMENT INC 561-687-8878,"Florida, USA"
COMPLETE ROOFING SOLUTIONS INC 561-848-7663,"Florida, USA"
COPELAND'S COMPLETE CONSTRUCTION LLC 863-585-0363,"Florida, USA"
COPPING ROOFING INC 239-543-2255,"Florida, USA"
CORE ROOFING SYSTEMS INC 407-434-7170,"Florida, USA"
CORY & ASSOCIATES INC 954-457-4132,"Florida, USA"
CRAWFORD ROOFING & CONSTRUCTION 321-676-3034,"Florida, USA"
CREATIVE HOME PROS LLC 904-504-1484,"Florida, USA"
CREST ROOFING LLC 954-586-5866,"Florida, USA"
CROSIER & SON ROOFING INC 352-372-0200,"Florida, USA"
CROWN RESIDENTIAL SERVICES LLC 855-276-9655,"Florida, USA"
CROWN ROOFING & WATERPROOFING LLC 855-276-9655,"Florida, USA"
CROWTHER ROOFING & SHEET METAL OF FL INC 239-337-1300,"Florida, USA"
CTR ROOFING LLC 407-509-8391,"Florida, USA"
CW'S QUALITY ROOFING INC 941-766-8676,"Florida, USA"
CYE ENTERPRISES INC 904-224-8224,"Florida, USA"
D PECK ROOFING INC 239-489-2200,"Florida, USA"
D SQUARED SERVICES LLC 863-993-5149,"Florida, USA"
D&J ROOFING AND CONSTRUCTION INC 941-909-4204,"Florida, USA"
D' ROOFING GROUP INC 236-256-7788,"Florida, USA"
D.R. MARTINEAU CONSTRUCTION INC 239-332-1441,"Florida, USA"
DAL MAR ROOFING INDUSTRIES INC 386-760-8240,"Florida, USA"
DAMAR CONSTRUCTION SERVICES INC 786-380-0143,"Florida, USA"
DAN MCCULLERS INCORPORATED 727-538-0808,"Florida, USA"
DAVID BANGE ROOFING LLC 954-435-7663,"Florida, USA"
DAVIS ROOFING & SHEET METAL LLC 850-665-9072,"Florida, USA"
DAYLIGHT CONCEPTS LLC 813-886-5500,"Florida, USA"
DC ROOFING INC 321-802-9051,"Florida, USA"
DCG ROOFING 786-348-3306,"Florida, USA"
DDR QUALITY ROOFING & SHEET METAL 386-437-7700,"Florida, USA"
DEPENDABLE ROOFING INC 772-569-0880,"Florida, USA"
DESTIN ROOFING INC 850-837-2645,"Florida, USA"
DEVLIN ROOFING INC 239-394-7000,"Florida, USA"
DIBBLE ROOFING CO INC 904-408-8027,"Florida, USA"
DICK PITTMAN ROOF SERVICES INC 904-824-1327,"Florida, USA"
DICKSON ROOFING LLC 239-643-1004,"Florida, USA"
DIMENSIONAL ROOF SYSTEMS 407-341-5657,"Florida, USA"
DISTINCTIVE ROOFING INC 954-846-7663,"Florida, USA"
DOCKSIDE ROOFING INC 813-983-9099,"Florida, USA"
DON POSS ROOFING INC 352-637-6687,"Florida, USA"
DON SCHMIDT CONTRACTING & ROOFING INC 407-892-9884,"Florida, USA"
DONE RITE ROOFING INC 727-771-8747,"Florida, USA"
DOUBLE C ROOFING INC 386-734-9322,"Florida, USA"
DREW ROOFING LLC 727-522-3739,"Florida, USA"
DRS OF CENTRAL FLORIDA INC 407-240-1225,"Florida, USA"
DUNNRITE ROOFING INC 352-438-0042,"Florida, USA"
DURABILIS ROOFING LLC 239-347-9207,"Florida, USA"
DYNAMIC NATIONAL 727-498-6204,"Florida, USA"
DYNAMIC ROOFING CONCEPTS INC 813-657-7663,"Florida, USA"
DYNASTY BUILDING SOLUTIONS LLC 813-321-3269,"Florida, USA"
E-Z GENERAL & ROOFING CONTRACTORS INC 954-418-8640,"Florida, USA"
EAGLE I CONSTRUCTION CORP 561-768-1733,"Florida, USA"
EARL W JOHNSTON ROOFING LLC 954-989-7794,"Florida, USA"
EAST COAST ROOFING SOLUTIONS INC 321-292-9803,"Florida, USA"
ECO CONSTRUCTION GROUP 352-504-0346,"Florida, USA"
EDGAR QUINTIN INC 407-857-0098,"Florida, USA"
EDGE 2 EDGE ROOFING 877-488-3343,"Florida, USA"
EDWARDS ROOFING CO INC 850-478-0230,"Florida, USA"
EGUARD ROOF & SAFETY SYSTEMS LLC 407-802-4112,"Florida, USA"
ELIAS BROTHERS GENERAL CONTRACTOR INC 239-293-2442,"Florida, USA"
ELITE ROOFING INC 561-840-7663,"Florida, USA"
ELITE ROOFING SERVICES 813-630-0800,"Florida, USA"
ELO ROOFING 904-528-0188,"Florida, USA"
EMC ROOFING LLC 813-535-1481,"Florida, USA"
EMERALD COAST ROOFSCAPES INC 850-685-7195,"Florida, USA"
EMPIRE ROOFING CO SE LLC 954-972-7338,"Florida, USA"
EMPIRE ROOFING SALES & SERVICES INC 904-391-1007,"Florida, USA"
ENDLESS SUMMER ROOFING CO 904-357-0722,"Florida, USA"
ENERGY ROOFING TECHNOLOGY SE LLC 855-766-3852,"Florida, USA"
EVANS ROOFING 954-566-5238,"Florida, USA"
EVANS ROOFING LLC 352-288-3127,"Florida, USA"
FAMILY PRIDE ROOFING INC 941-429-6464,"Florida, USA"
FERBER & OSTEEN ROOFING AND SHEET METAL 352-372-3666,"Florida, USA"
FERBER SHEET METAL WORKS INC 904-356-3042,"Florida, USA"
FIDUS ROOFING & CONSTRUCTION LLC 904-230-5548,"Florida, USA"
FIVE STAR ROOFING OF NORTH EAST FL INC 386-385-8504,"Florida, USA"
FIXD ROOFING LLC 772-618-3493,"Florida, USA"
FL BREES 850-865-3210,"Florida, USA"
FL SPECIALTY ROOFING 352-415-4596,"Florida, USA"
FLASH CUSTOM METAL ROOFING INC 941-766-1888,"Florida, USA"
FLORIDA LEGACY ROOFING LLC 727-264-8550,"Florida, USA"
FLORIDA NATIVE ROOFING 321-499-4448,"Florida, USA"
FLORIDA ROOF BROS LLC 321-446-1702,"Florida, USA"
FLORIDA ROOF DESIGN INC 321-750-2434,"Florida, USA"
FLORIDA ROOF LLC 850-281-0457,"Florida, USA"
FLORIDA ROOF RESTORATIONS 352-290-8815,"Florida, USA"
FLORIDA ROOF SYSTEMS INC 321-636-4448,"Florida, USA"
FLORIDA ROOFING & SHEET METAL LLC 561-260-2012,"Florida, USA"
FLORIDA ROOFING OF PALM BEACH COUNTY 561-833-9704,"Florida, USA"
FLORIDA SHELTER ROOFING LLC 813-316-6260,"Florida, USA"
FLORIDA SOUTHERN ROOFING & SHEET METAL INC 941-954-8811,"Florida, USA"
FNF ENTERPRISES INC 352-509-3277,"Florida, USA"
FOSTER'S ROOFING ENTERPRISES INC 352-799-0045,"Florida, USA"
FOWLER'S SHEET METAL INC 561-659-3309,"Florida, USA"
FRANK'S ROOFING & SPRAYING INC 239-369-9045,"Florida, USA"
FREEMAN ROOFING 850-994-1078,"Florida, USA"
G&G ROOFING 321-301-4470,"Florida, USA"
GAINESVILLE ROOFING & CO INC 352-335-1969,"Florida, USA"
GALAXY BUILDERS INC 904-503-4164,"Florida, USA"
GALLOWAY ROOFING LLC 941-697-3737,"Florida, USA"
GARABAR INC 561-337-6798,"Florida, USA"
GARRETT ROOFING INC 813-717-7663,"Florida, USA"
GARY SOUTHARD CONSTRUCTION LLC 352-359-6842,"Florida, USA"
GARY'S ROOFING LLC 941-922-5199,"Florida, USA"
GIAMPRI CORP 754-262-5773,"Florida, USA"
GIBSON & SONS ROOFING INC 727-585-3143,"Florida, USA"
GIZA ROOFING SOLUTIONS INC 239-980-2424,"Florida, USA"
GLOBAL ROOFING AND CONTRACTING LLC 239-653-9703,"Florida, USA"
GODWIN GREEN ROOFING 352-538-4795,"Florida, USA"
GOLD KEY ROOFING LLC 407-851-0680,"Florida, USA"
GOMEZ ROOFING CO 954-974-4848,"Florida, USA"
GRASTON ROOFING CO INC 904-707-3660,"Florida, USA"
GREEN LEAF ROOFING LLC 813-577-2488,"Florida, USA"
GREENTEK PROPERTY SOLUTIONS LLC 813-333-1963,"Florida, USA"
GREG'S ROOFING INC 386-672-2821,"Florida, USA"
GULF COAST ROOFING 850-465-7663,"Florida, USA"
GULF COAST ROOFING CO INC 239-597-9007,"Florida, USA"
GULF STATES INDUSTRIES INC 727-849-8376,"Florida, USA"
GULLEDGE ROOFING INC 386-738-1967,"Florida, USA"
GULLETT ROOFING LLC 863-412-2821,"Florida, USA"
GUSTAFSON INDUSTRIES 561-732-0656,"Florida, USA"
GUTTERHAWK INC 850-656-4295,"Florida, USA"
GUY'S DIVERSIFIED INC 863-967-9773,"Florida, USA"
GWR GULF WESTERN 800-277-0647,"Florida, USA"
HALL ROOFING COMPANY LLC 850-229-1579,"Florida, USA"
HAMILTON ROOFING INC 321-729-0548,"Florida, USA"
HANDYMAN HOME REPAIR SERVICES OF PINELLAS INC 727-577-2468,"Florida, USA"
HARRELL ROOFING LLC 850-575-9564,"Florida, USA"
HARTFORD SOUTH LLC 407-857-9392,"Florida, USA"
HARVATH ROOFING INC 941-761-3447,"Florida, USA"
HD ROOFING AND CONSTRUCTION LLC 407-401-5173,"Florida, USA"
HEART OF FLORIDA ROOFING 407-462-5414,"Florida, USA"
HENDRICK ROOFING INC 727-531-1025,"Florida, USA"
HERCULES ROOFING LLC 561-955-9889,"Florida, USA"
HERMITAGE ROOFING CO 561-235-7400,"Florida, USA"
HI-RISE COMMERCIAL ROOFING INC 954-792-5651,"Florida, USA"
HIGH QUALITY ROOFING CO 407-403-8932,"Florida, USA"
HIGH TIDE ROOFING & WATERPROOFING INC 904-460-6731,"Florida, USA"
HIGH TOWER ROOFING & CONTRACTING LLC 863-510-5477,"Florida, USA"
HINSPETER ROOFING INC 239-455-1216,"Florida, USA"
HOPKINS ROOFING INC 727-739-8883,"Florida, USA"
HOPTON ROOFING INC 386-228-3595,"Florida, USA"
HOUGH ROOFING & SCREEN ROOMS 321-837-1838,"Florida, USA"
HUBER & ASSOCIATES 386-487-1040,"Florida, USA"
HUEY SERVICES INC 813-881-9199,"Florida, USA"
HURRICANE ROOFER LLC 850-860-0253,"Florida, USA"
HW CONTRACTING LLC 904-217-0227,"Florida, USA"
IDEAL HOME SOLUTIONS LLC 833-433-2547,"Florida, USA"
IMPERIAL ROOFING OF POLK COUNTY INC 863-967-9244,"Florida, USA"
IMS ROOFING LC 386-215-3087,"Florida, USA"
INFINITY ROOFING LLC 386-575-4007,"Florida, USA"
INNOVATIVE ROOFING INC 954-429-8845,"Florida, USA"
INTEGRITY ROOFING & GUTTERS INC 407-960-4058,"Florida, USA"
ISAACS ROOFING & INSULATION CORP 305-234-5234,"Florida, USA"
JACK C WILSON ROOFING CO 904-396-1546,"Florida, USA"
JACKSON ENTERPRISES OF BREVARD 321-727-3515,"Florida, USA"
JADA ROOFING LLC 904-606-7663,"Florida, USA"
JAMES ROOFING SERVICES INC 727-289-7171,"Florida, USA"
JAN TUKKER INC 407-767-6912,"Florida, USA"
JANNEY CONSTRUCTION SERVICES LLC 321-385-7663,"Florida, USA"
JAV CONTRACTORS INC 561-856-8720,"Florida, USA"
JB ROOFING & WATERPROOFING LLC 772-834-7663,"Florida, USA"
JEBCO WEATHERPROOFING MANAGEMENT LLC 904-419-7754,"Florida, USA"
JEFF ALBERT ROOFING INC 561-988-6001,"Florida, USA"
JIFFY SERVICES OF CENTRAL FLORIDA 410-984-6789,"Florida, USA"
JIM TAYLOR ROOFING INC 386-673-5216,"Florida, USA"
JIM WHEELER REPAIRS LLC 850-259-6104,"Florida, USA"
JIREH ROOFING CONTRACTOR USA INC 305-900-9322,"Florida, USA"
JK BEHAN GENERAL ROOFING CONTRACTOR 321-242-1911,"Florida, USA"
JOHN & SON ROOFING INC 772-562-1270,"Florida, USA"
JOHN CARRUTH - RETIRED 305-986-3449,"Florida, USA"
JOHN GILMORE ROOFING INC 904-880-8044,"Florida, USA"
JOHN KELLER ROOFING 407-332-0345,"Florida, USA"
JOHN ROGERS ROOFING INC 239-455-3868,"Florida, USA"
JOHNSON'S AIR CONDITIONING INC 239-597-4675,"Florida, USA"
JOVIL ROOFING CORP 954-941-4737,"Florida, USA"
JR & CO 239-308-0011,"Florida, USA"
JTO CONTRACTING INC 407-732-7500,"Florida, USA"
JURIN ROOFING SERVICES INC 863-422-3176,"Florida, USA"
JV CONTRACTORS LLC 407-401-9050,"Florida, USA"
K&G CONSTRUCTION CO INC 904-772-1316,"Florida, USA"
KAM ROOFING SERVICES LLC 727-637-6827,"Florida, USA"
KARMA ROOFING 321-465-2762,"Florida, USA"
KEY ROOFING & EXTERIORS 888-539-1717,"Florida, USA"
KEYS ROOFING INC 305-451-5678,"Florida, USA"
KILYN CONSTRUCTION INC 850-250-7374,"Florida, USA"
KING ROOFING SERVICE INC 239-598-2414,"Florida, USA"
KIRKEY ROOFING INC 941-474-2113,"Florida, USA"
KL SMITH INC 863-647-5560,"Florida, USA"
KLR ROOFING CORP 561-603-9914,"Florida, USA"
LAMPHIER & COMPANY 407-330-1628,"Florida, USA"
LARRY MILLER INC 813-931-4024,"Florida, USA"
LARRY NEESE LLC 772-361-6580,"Florida, USA"
LATITE ROOFING & SHEET METAL CO 954-772-3446,"Florida, USA"
LEEG ROOFING INC 352-503-2273,"Florida, USA"
LEEWARD ROOFING LLC 772-589-2400,"Florida, USA"
LEGACY CONTRACTING SOLUTIONS INC 561-844-4910,"Florida, USA"
LEGACY ROOFING SRQ 941-226-9200,"Florida, USA"
LEN'S ROOFING INC 941-896-7897,"Florida, USA"
LEO ROOFING & CONSTRUCTION 561-935-4979,"Florida, USA"
LEONARD CLARK ROOFING INC 386-734-7823,"Florida, USA"
LINDHOLM CONSTRUCTION INC 305-852-5730,"Florida, USA"
LOU JEZDIMIR ROOFING INC 954-761-7853,"Florida, USA"
LUVIANO ROOFING CO INC 863-357-3838,"Florida, USA"
LUXURY ROOFING SERVICE LLC 321-263-5071,"Florida, USA"
MACO CONSTRUCTION SERVICES LLC 561-844-2225,"Florida, USA"
MADDOX ROOFING INC 561-968-2442,"Florida, USA"
MAGNUM ROOFING & RESTORATION 813-606-4414,"Florida, USA"
MAINTENX INTERNATIONAL ROOFING DIVISION 855-751-0075,"Florida, USA"
MANSON ROOFING INC 941-748-5547,"Florida, USA"
MARATHON ROOFING AND CONTRACTING INC 407-636-7663,"Florida, USA"
MARION SERVICE ROOFING & SHEET METAL CO 352-622-7256,"Florida, USA"
MARK KAUFMAN ROOFING 941-426-5241,"Florida, USA"
MARK TAYLOR CONSTRUCTION LLC 850-554-5440,"Florida, USA"
MARTIN ROOFING SERVICES INC 407-679-4553,"Florida, USA"
MARZO ROOFING INC 772-871-2489,"Florida, USA"
MAXXIM CONSTRUCTION & RFG LLC 904-773-5150,"Florida, USA"
MB ENTERPRISES ROOFING & SHEET METAL INC 772-562-7549,"Florida, USA"
MCCURDY-WALDEN INC 904-783-9000,"Florida, USA"
MCDAVID ROOFING INC 386-462-4803,"Florida, USA"
MCENANY ROOFING INC 813-988-1669,"Florida, USA"
MCFADDEN'S ROOFING INC 407-682-9082,"Florida, USA"
MCFALL BUILDERS INC 352-377-5512,"Florida, USA"
MEGRAM CONSTRUCTION CO 407-592-7360,"Florida, USA"
METAL ROOFING OF FLORIDA LLC 850-662-1160,"Florida, USA"
MICHAEL E WARREN INC,"Florida, USA"
MICHAEL KEVIN WALSH ROOFING INC 772-781-0900,"Florida, USA"
MIDWEST ROOFING COMPANY INC 321-425-3068,"Florida, USA"
MIGHTY DOG ROOFING 941-251-4257,"Florida, USA"
MIGHTY DOG ROOFING 151 407-789-3181,"Florida, USA"
MIKE WILLIS ROOFING & CONSTRUCTION LLC 321-254-7176,"Florida, USA"
MITCHELL & SONS ROOFING LLC 727-807-5217,"Florida, USA"
MODTEK ROOFING INC 772-213-8437,"Florida, USA"
MOLSBEE ROOFING INC 561-318-8624,"Florida, USA"
MONTGOMERY-WINSLOW ROOFING 239-694-1056,"Florida, USA"
MOODY'S ROOFING INC 904-781-0569,"Florida, USA"
MOODY'S SHEET METAL 386-252-4464,"Florida, USA"
MOORE ROOFING & BUILDERS INC 239-394-2100,"Florida, USA"
MORGAN CONLEY ROOFING & REPAIR LLC 904-380-1563,"Florida, USA"
MOVI CONTRACTORS LLC 321-333-8405,"Florida, USA"
MULLET'S ALUMINUM PRODUCTS INC 941-371-3502,"Florida, USA"
MUNYAN RESTORATION WATERPROOFING 727-442-5062,"Florida, USA"
MURPHY BUILDERS IINC 561-436-4677,"Florida, USA"
MY FLORIDA ROOFING CONTRACTOR 772-453-7219,"Florida, USA"
NATIONAL BUILDING CONTRACTORS INC 770-860-1780,"Florida, USA"
NATIONAL ROOFING OF COLLIER INC 239-263-8043,"Florida, USA"
NATIONS ROOFING CONSTRUCTION & MECHANICAL LLC 813-485-4440,"Florida, USA"
NATURE COAST ROOFING SOLUTIONS INC 727-597-3414,"Florida, USA"
NEAL STRICKLAND ROOFING INC 386-328-5509,"Florida, USA"
NEMETZ ROOFING 386-663-1800,"Florida, USA"
NEUMANN CONSTRUCTION & ROOFING LLC 877-762-6350,"Florida, USA"
NEW ROOFING CONTRACTORS 863-617-0504,"Florida, USA"
NEW SOUTH ROOFING INC 229-515-3780,"Florida, USA"
NEW SOUTH SYSTEMS INC 850-671-3333,"Florida, USA"
NINE SQUARE ROOFING & CONSTRUCTION LLC 407-668-0033,"Florida, USA"
O'HARA'S SON ROOFING CO 229-356-7647,"Florida, USA"
O'NEAL ROOFING COMPANY INC 386-752-7578,"Florida, USA"
OCALA ROOFING INC 352-622-5235,"Florida, USA"
OLD WORLD CRAFTSMEN INC 386-758-3264,"Florida, USA"
ONE LOVE ROOFING 402-551-7744,"Florida, USA"
ORANGE COUNTY ROOFING INC 407-568-7702,"Florida, USA"
OREM CONSTRUCTION SERVICES LLC 407-908-2850,"Florida, USA"
ORLANDO ROOFING COMPANY 407-275-9444,"Florida, USA"
ORLANDO ROOFING LLC 561-202-4912,"Florida, USA"
OTIS JOINER ROOFING CONTRACTOR INC 941-729-1751,"Florida, USA"
OVER THE TOP ROOF REPAIR INC 772-888-6535,"Florida, USA"
OWENS CONTRACTING SERVICES INC 407-730-7212,"Florida, USA"
P&A ROOFING & SHEET METAL INC 407-650-9541,"Florida, USA"
PACE ROOFING INC 561-642-8840,"Florida, USA"
PALETZ ROOFING & INSPECTIONS INC 833-916-7663,"Florida, USA"
PALM BEACH ROOFING & MAINTENANCE LLC 561-293-1407,"Florida, USA"
PALM ROOFING CORP 305-235-3833,"Florida, USA"
PANDA ROOF 772-778-6803,"Florida, USA"
PARLAMENT ROOFING & CONSTRUCTION 727-571-4110,"Florida, USA"
PATRICK ROOFING INC 321-728-7865,"Florida, USA"
PATRIOT RESPONSE GROUP 772-538-4008,"Florida, USA"
PAUL BANGE ROOFING INC 954-981-7663,"Florida, USA"
PBROWN BUILDERS LLC 850-346-3175,"Florida, USA"
PDF ROOFING LLC 941-316-9339,"Florida, USA"
PEET ROOFING 407-268-3178,"Florida, USA"
PEGASUS BUILDERS INC 561-790-3116,"Florida, USA"
PERFECT CHOICE ROOFING INC 954-706-1500,"Florida, USA"
PERFORMANCE ROOFING LLC 407-210-1503,"Florida, USA"
PERKINS ROOFING CORPORATION 305-687-6521,"Florida, USA"
PERRY ROOFING CONTRACTORS 352-373-2724,"Florida, USA"
PESTANA ROOFING CO INC 561-585-0541,"Florida, USA"
PETITO ROOFING INC 954-796-0772,"Florida, USA"
PINNACLE ROOFING GROUP LLC 386-631-5566,"Florida, USA"
PIONEER ROOFING COMPANY LLC 954-920-7688,"Florida, USA"
PIT CREW ROOFING 321-339-3000,"Florida, USA"
POLARIS ROOFING INC 239-944-0622,"Florida, USA"
POOLES ROOFING & REPAIRS INC 239-348-2928,"Florida, USA"
PORT ORANGE A/C & HEATING INC 386-761-6690,"Florida, USA"
POSEIDON ROOFING LLC 239-737-4789,"Florida, USA"
POWER ROOFING & CONSTRUCTION LLC 407-566-2364,"Florida, USA"
PRATTCO INC 813-973-4771,"Florida, USA"
PRECISION EXTERIORS LLC 386-752-4022,"Florida, USA"
PREMIUM ROOFING SYSTEMS LLC 321-344-0083,"Florida, USA"
PRG ROOFING & CONSTRUCTION INC 239-237-2906,"Florida, USA"
PRICE CONSTRUCTION & ROOFING INC 863-533-3277,"Florida, USA"
PRIME CHOICE ROOFING LLC 407-466-0372,"Florida, USA"
PRIME ROOFING 904-530-1446,"Florida, USA"
PRO TECH ROOFING & CONSTRUCTION LLC 954-593-8240,"Florida, USA"
PRO'S CHOICE ROOFING LLC 321-338-2456,"Florida, USA"
PRO-TECH ROOFING OF BREVARD 321-783-1694,"Florida, USA"
PROCRAFT EXTERIORS INC 239-970-8116,"Florida, USA"
PROFESSIONAL ROOF TECHNOLOGY LLC 727-823-3322,"Florida, USA"
PROPERTY RENOVATIONS & CONSTRUCTION LLC 321-421-6374,"Florida, USA"
PROTECH ROOFING SERVICES LLC 352-601-0799,"Florida, USA"
PROVIDENTIAL ROOFING & CONSTRUCTION INC 941-226-4000,"Florida, USA"
PSI ROOFING 954-791-7663,"Florida, USA"
QUALITY METALS INC 407-321-3181,"Florida, USA"
QUALITY ROOFING INC 813-620-4797,"Florida, USA"
QUALITY ROOFING SOLUTIONS LLC 850-777-0961,"Florida, USA"
QUICK ROOFING LLC 863-738-2533,"Florida, USA"
R&C ROOFING AND CONTRACTING LLC 407-286-2545,"Florida, USA"
R&D CONSTRUCTION AND ROOFING 786-379-5843,"Florida, USA"
R&J COATINGS & WATERPROOFING INC 386-947-4888,"Florida, USA"
R&R INDUSTRIES INC 386-253-7627,"Florida, USA"
R&R ROOFING OF BREVARD INC 321-259-3731,"Florida, USA"
R/J GROUP INC 386-760-0764,"Florida, USA"
RAIN PROOF ROOFING & CONTRACTING LLC 877-997-2737,"Florida, USA"
RAINBOW ROOFING SOLUTIONS 954-370-7879,"Florida, USA"
RAINSHIELD ROOFING CORP 954-282-9111,"Florida, USA"
RALPH DECICCO 904-635-0079,"Florida, USA"
RAMCON LLC 813-663-9667,"Florida, USA"
RAS ROOFING LLC 561-805-8564,"Florida, USA"
RBS CONSTRUCTION LLC 407-859-8163,"Florida, USA"
RCI ROOF SERVICES INC 772-202-7074,"Florida, USA"
RECOVERY ROOFING INC 904-518-3558,"Florida, USA"
RED DOG'S ROOFING OF FLORIDA INC 941-210-5736,"Florida, USA"
RED STAG CONTRACTING INC 904-880-4681,"Florida, USA"
REED ROOFING CO 727-327-2488,"Florida, USA"
REGISTER ROOFING & SHEET METAL INC 904-215-8533,"Florida, USA"
RELIABLE ROOFING OF FLORIDA INC 407-720-7188,"Florida, USA"
RELIANT ROOFING SERVICES LLC 386-679-6228,"Florida, USA"
RELIANT ROOFING SOLAR & HURRICANE SHUTTERS 904-657-0880,"Florida, USA"
REROOF AMERICA CONTRACTORS OF FL LLC jremrich@reroofamerica.com\\,"Florida, USA"
RESTORE GROUP LLC 407-955-4252,"Florida, USA"
REVILDOR 321-332-3392,"Florida, USA"
RF LUSA & SONS SHEET METAL INC 863-682-0798,"Florida, USA"
RH QUALITY METAL OF FLORIDA LLC 407-279-2454,"Florida, USA"
RICH MOORE ROOFING LLC 561-704-9223,"Florida, USA"
RICHARD BARFIELD ROOFING INC 850-229-7788,"Florida, USA"
RIGHT NOW ROOFING FL INC 941-246-2991,"Florida, USA"
RLK CONSTRUCTION CO OF NAPLES INC 239-455-6683,"Florida, USA"
RMS ORLANDO INC 407-245-7663,"Florida, USA"
ROBERSON ROOFING INC 386-677-2211,"Florida, USA"
ROBERT BATSON ROOFING INC 407-423-7570,"Florida, USA"
ROBERT BINNS ROOFING INC 863-984-9685,"Florida, USA"
ROBERT JONES ROOFING & GENERAL CONTRACTING LLC 321-403-5047,"Florida, USA"
ROBINSON ROOFING & RESTORATION LLC 866-295-1114,"Florida, USA"
ROCK HOME IMPROVEMENTS LLC 321-504-6282,"Florida, USA"
RODEMEYER ROOFING LLC 954-815-6028,"Florida, USA"
RODMAN ROOFING INC 305-264-3551,"Florida, USA"
ROMAN ROOFING INC 239-458-7663,"Florida, USA"
ROOF COMMANDER INC 855-536-ROOF (7663),"Florida, USA"
ROOF EXPRESS LLC 561-533-5325,"Florida, USA"
ROOF PRO 561-249-0247,"Florida, USA"
ROOF PROS USA LLC 407-574-4856,"Florida, USA"
ROOF REPAIRS ONLY INC 772-562-7663,"Florida, USA"
ROOF RIGHT LLC 239-766-3669,"Florida, USA"
ROOF SOLUTIONS INC 954-815-0560,"Florida, USA"
ROOF TECHNOLOGIES LLC 954-900-4072,"Florida, USA"
ROOF TOP SERVICES OF CENTRAL FLORIDA INC 407-696-7663,"Florida, USA"
ROOF X INC 844-877-6639,"Florida, USA"
ROOF-OVER AMERICA LLC 407-607-9135,"Florida, USA"
ROOFCRAFTERS ROOFING LLC 877-676-6373,"Florida, USA"
ROOFING & COMPANY LLC 407-699-0088,"Florida, USA"
ROOFING & CONSTRUCTION CORP 954-638-4580,"Florida, USA"
ROOFING BY CURRY 941-921-9111,"Florida, USA"
ROOFING PIONEERS LLC 407-634-1221,"Florida, USA"
ROOFING REINA 305-834-1882,"Florida, USA"
ROOFING UNLIMITED & SHEET METAL INC 561-842-0075,"Florida, USA"
ROOFMAN INC 561-844-0892,"Florida, USA"
ROOFMASTER OF SOUTH FLORIDA INC 239-337-5761,"Florida, USA"
ROOFPRO ROOFING LLC 850-332-3330,"Florida, USA"
ROOFSMITH OF TAMPA BAY INC 813-419-0502,"Florida, USA"
ROOFTECH ROOFING & SHEET METAL INC 954-735-0807,"Florida, USA"
ROUEN SERVICES INC 786-877-6858,"Florida, USA"
RS MARTIN ROOFING INC 727-395-9493,"Florida, USA"
RUSS NOYES ROOFING INC - RHINO ROOFING 407-388-7700,"Florida, USA"
RYAN HOLMES CONTRACTING INC 772-232-6988,"Florida, USA"
RYSKCON CONSTRUCTION INC 386-445-7945,"Florida, USA"
S&S ROOFING SYSTEMS INC 407-696-4334,"Florida, USA"
SAINT RAPHAEL ROOFING INC 239-220-5120,"Florida, USA"
SAL VITALE THE ROOF DOCTOR INC 321-725-2104,"Florida, USA"
SALOMON ROOFING & WATERPROOFING 305-883-1856,"Florida, USA"
SALT ROOFING 352-638-9118,"Florida, USA"
SAM DAMM ROOFING INC 727-849-0377,"Florida, USA"
SAND DOLLAR ROOFING INC 239-368-3900,"Florida, USA"
SARASOTA ROOFING CO INC 941-371-2801,"Florida, USA"
SCHICK ROOFING LLC 407-749-0808,"Florida, USA"
SCOTT SMITH ROOFING INC 352-867-0044,"Florida, USA"
SEAN LILLY ROOFING CO INC 305-264-4449,"Florida, USA"
SENTRY METALS LLC 941-539-6201,"Florida, USA"
SERVICE WORKS COMMERCIAL ROOFING INC 813-626-7717,"Florida, USA"
SHEEGOG CONTRACTING 407-637-5339,"Florida, USA"
SHEET METAL MASTERS INC 850-470-0960,"Florida, USA"
SHEET METAL UNLIMITED PL INC 954-793-1097,"Florida, USA"
SHIELD COATINGS & WATERPROOFING INC 813-247-5421,"Florida, USA"
SHOREBREAK INC 904-624-0225,"Florida, USA"
SILVERS SYSTEMS INC 727-823-7700,"Florida, USA"
SIMON ROOFING 866-641-7663,"Florida, USA"
SINCLAIR CONSTRUCTION 239-944-7077,"Florida, USA"
SIX SIGMA ROOFING CONTRACTORS LLC 239-888-6613,"Florida, USA"
SK QUALITY ROOFING INC 561-276-8040,"Florida, USA"
SKILCON INC 954-712-7474,"Florida, USA"
SKYMARK ROOFING LLC 352-805-8935,"Florida, USA"
SMART ENERGY INC 954-376-5515,"Florida, USA"
SMITTY'S WELDING AND SHEET METAL FABRICATION LLC 321-723-4533,"Florida, USA"
SOLACE ROOFING LLC 772-446-3096,"Florida, USA"
SONSHINE ROOFING INC 941-377-9933,"Florida, USA"
SOUTH QUALITY ROOFING LLC 786-809-9507,"Florida, USA"
SOUTHEASTERN COATINGS & WATERPROOFING INC 386-365-8912,"Florida, USA"
SOUTHERN COAST ENTERPRISES INC 954-426-3312,"Florida, USA"
SOUTHERN COAST FOUNDATION SYSTEMS 954-426-3312,"Florida, USA"
SOUTHERN COAST ROOFING & CONSTRUCTION INC 904-305-8887,"Florida, USA"
SOUTHERN ROOFING CO INC 813-251-5252 x220,"Florida, USA"
SOUTHERN STYLE ROOFING INC 407-359-8147,"Florida, USA"
SPECIALTY ROOFERS INC 850-974-7663,"Florida, USA"
SPILKER ROOFING & SHEET METAL 321-459-1176,"Florida, USA"
SPRINGER-PETERSON ROOFING & SHEET METAL INC 863-665-1163,"Florida, USA"
SSI CONSTRUCTION INC 954-771-3667,"Florida, USA"
ST JOHNS HEATING & AIR CONDITIONING 904-829-6076,"Florida, USA"
STARPRO ROOFING & SHEET METAL INC 772-286-8308,"Florida, USA"
STATE PRIDE ROOFING OF FL INC 561-686-8057,"Florida, USA"
STATE ROOFING I LLC 239-207-3409,"Florida, USA"
STAY DRY ROOFING LLC 317-308-7773,"Florida, USA"
STEEL RUDDER ROOFING LLC 904-699-4573,"Florida, USA"
STEPPI ROOFING INC 407-293-6574,"Florida, USA"
STGO PRO4MANCE LLC 863-825-7889,"Florida, USA"
STONEBRIDGE ROOFING 32256-1584,"Florida, USA"
STORMFORCE OF JACKSONVILLE 904-416-3441,"Florida, USA"
STORY & BLEICH ROOFING 850-776-1050,"Florida, USA"
STORY ROOFING LLC 407-449-3800,"Florida, USA"
STRATUS ROOFING 407-652-5866,"Florida, USA"
STREAMLINE ROOFING & CONSTRUCTION INC 850-575-1168,"Florida, USA"
STUART LYONS ROOFING INC 386-257-1007,"Florida, USA"
STUART ROOF REPAIR INC 772-286-0444,"Florida, USA"
SUMMERFIELD ROOFING & SHEET METAL 352-347-7454,"Florida, USA"
SUMMIT ROOFING & SOLAR LLC 904-723-4950,"Florida, USA"
SUN CATCHER ROOFING II INC 561-542-3851,"Florida, USA"
SUN COAST ROOFING INC 239-352-8988,"Florida, USA"
SUN COAST ROOFING SERVICES INC 386-428-0652,"Florida, USA"
SUNSHINE ROOFING OF SOUTH WEST FLORIDA INC 239-514-3092,"Florida, USA"
SUNTECH DEVELOPMENT INC 305-799-5678,"Florida, USA"
SUTTER ROOFING CO OF FL 941-377-1000,"Florida, USA"
TACK & WARREN INC 727-461-5014,"Florida, USA"
TACTICAL ROOFING SOLUTIONS LLC 239-599-4164,"Florida, USA"
TADLOCK ROOFING INC 850-877-5516,"Florida, USA"
TALLAHASSEE ROOFING INC 850-562-8366,"Florida, USA"
TAMPA ROOFING CO INC 813-238-6436,"Florida, USA"
TANENBAUM ROOFING 407-841-6471,"Florida, USA"
TARHEEL ROOFING INC 727-823-3455,"Florida, USA"
TARPON DOCK METAL CRAFT INC 850-785-9568,"Florida, USA"
TAYLOR'S ROOFING LLC 863-676-2555,"Florida, USA"
TECTA AMERICA SOUTHEAST LLC 407-330-9303,"Florida, USA"
THE ROOF AUTHORITY INC 772-468-7870,"Florida, USA"
THE ROOFING COMPANY 727-916-3151,"Florida, USA"
THE ROOFING EXPERTS 407-730-9587,"Florida, USA"
THERMAL PROTECTIVE COATINGS OF FL 386-738-0300,"Florida, USA"
THOMAS ROOFING SOLUTIONS LLC 850-401-7663,"Florida, USA"
THORNE METAL SYSTEMS INC 904-284-4353,"Florida, USA"
TIGER TEAM ROOFING INC 954-801-7663,"Florida, USA"
TIM GRABOSKI ROOFING INC 561-276-8252,"Florida, USA"
TIM RINER CONSTRUCTION INC 863-967-8842,"Florida, USA"
TIMBERMAN ROOFING INC 850-803-5021,"Florida, USA"
TIP TOP ROOFING CO INC 407-660-2212,"Florida, USA"
TLC CONSTRUCTION INDUSTRIES CORP 941-735-3935,"Florida, USA"
TM SCOTT INC 863-465-7737,"Florida, USA"
TMT ROOFING LLC 352-888-4676,"Florida, USA"
TOM SAWYER ROOFING 386-760-2312,"Florida, USA"
TOP CONSTRUCTION SERVICES LLC 954-647-2132,"Florida, USA"
TOP GUN ROOFING INC 904-342-0211,"Florida, USA"
TOTAL HOME ROOFING 321-210-5425,"Florida, USA"
TOTAL QUALITY ROOFING INC 850-222-7663,"Florida, USA"
TOTAL ROOF SERVICES CORP 407-495-4151,"Florida, USA"
TRADE WINDS ROOFING INC 772-466-9420,"Florida, USA"
TRADEMARK ROOFING 239-848-6613,"Florida, USA"
TRANS COASTAL CONSTRUCTION CO INC 561-835-9522,"Florida, USA"
TRIPLE M ROOFING CORP 954-524-7000,"Florida, USA"
TSPARK ENTERPRISES LLC 850-766-1340,"Florida, USA"
TURLEY ROOFING 352-624-9100,"Florida, USA"
TWISTER ROOFING & CONST LLC 407-777-7799,"Florida, USA"
UNIVERSAL CONTRACTING & SOLAR 239-321-5886,"Florida, USA"
UNIVERSAL ROOF & CONTRACTING 407-295-7403,"Florida, USA"
UNIVERSAL ROOFING INC 954-923-5100,"Florida, USA"
US ROOFING GROUP LLC 888-965-0305,"Florida, USA"
VERO BEACH ROOFING INC 772-564-0822,"Florida, USA"
VETERAN ROOFING INC 954-202-2888,"Florida, USA"
VETERANS NATIONAL PROPERTY SERVICES LLC 813-609-5596,"Florida, USA"
VETERANS ROOFING & PROPERTY MAINTENANCE 813-592-1121,"Florida, USA"
VICKERS METAL WORKS INC 407-297-7546,"Florida, USA"
VILA BUILDERS INC 305-992-7999,"Florida, USA"
W DAVIS LLC 386-562-3067,"Florida, USA"
WARNER ROOF CONSULTING INC 386-736-7515,"Florida, USA"
WATERTITE ROOFING CO LLC 941-483-4630,"Florida, USA"
WAYNE'S ROOFING & SHEET METAL 386-255-3633,"Florida, USA"
WAYPOINT ROOFING & CONSTRUCTION INC 321-343-1900,"Florida, USA"
WE BRODBECK ROOFING CO INC 561-582-0449,"Florida, USA"
WEATHER RECOVERY SOLUTIONS 954-996-6600,"Florida, USA"
WEATHER SHIELD METAL ROOFING INC 850-733-9321,"Florida, USA"
WEATHERGUARD ROOFING & WATERPROOFING INC 305-893-3939,"Florida, USA"
WEATHERPROOF ROOFING INC 850-612-7000,"Florida, USA"
WEATHERSHIELD ROOFING GROUP INC 407-298-0100,"Florida, USA"
WESCON CONSTRUCTION INC 321-259-6789,"Florida, USA"
WEST COAST FLORIDA ENTERPRISES INC 239-433-9777,"Florida, USA"
WEST COAST ROOFING & CONTRACTING INC 727-791-7078,"Florida, USA"
WESTFALL CONSTRUCTION INC 813-264-5690,"Florida, USA"
WHALE ROOFING & CONSTRUCTION LLC 561-778-7800,"Florida, USA"
WHITCO ROOFING INC 888-399-2221,"Florida, USA"
WHITE'S ROOFING CO INC 904-220-5546,"Florida, USA"
WHITTLE'S ROOFING COMPANY INC 352-472-2410,"Florida, USA"
WHITTON ROOFING CO 352-473-8962,"Florida, USA"
WINTER PARK ROOFING INC 407-671-2666,"Florida, USA"
WOODY CUSHING ROOFING INC 850-432-9109,"Florida, USA"
WOOLEY BROTHERS INC 321-805-4327,"Florida, USA"
WORLEY ROOFING INC 561-747-0046,"Florida, USA"
WORMLEY ROOFING INC 321-303-0766,"Florida, USA"
WORTHMANN LLC 352-472-3228,"Florida, USA"
YODER ROOFING INC 941-378-8061,"Florida, USA"
YORK ROOFING LLC 407-960-6384,"Florida, USA"
Z ROOFING & WATERPROOFING INC 305-623-7663,"Florida, USA"
ZENITH CONSTRUCTION SERVICES LLC 863-241-0855,"Florida, USA"
\\,"Florida, USA"
